Basis,Shrinkwrap,adjustments,brow_center_DN,brow_center_UP,brow_inner_DN.L,brow_inner_DN.R,brow_inner_UP.L,brow_inner_UP.R,brow_outer_DN.L,brow_outer_DN.R,brow_outer_UP.L,brow_outer_up.R,eye-blink.LO.L,eye-blink.LO.R,eye-blink.UP.L,eye-blink.UP.R,eye-flare.LO.L,eye-flare.LO.R,eye-flare.UP.L,eye-flare.UP.R,eyes-look.dn,eyes-look.up,jaw,lip-DN.C.DN,lip-DN.C.UP,lip-DN.L.DN,lip-DN.L.UP,lip-DN.R.DN,lip-DN.R.UP,lip-JAW.DN,lip-UP.C.DN,lip-UP.C.UP,lip-UP.L.DN,lip-UP.L.UP,lip-UP.R.DN,lip-UP.R.UP,lips-frown.L,lips-frown.R,lips-narrow.L,lips-narrow.R,lips-smile.L,lips-smile.R,lips-wide.L,lips-wide.R,sneer.L,sneer.R,wince.L,wince.R
0.0,1.0,1.0,0.0,0.0022679567337036133,0.0,0.0,0.0,0.0,0.0,0.0,0.010000169277191162,0.007063150405883789,0.0,0.0,0.06866902112960815,0.06866306066513062,0.10794302076101303,0.11013051122426987,0.0,0.0,0.03983030095696449,0.0,0,0.0,0.0019878149032592773,0.0,0.0016994774341583252,0.0,0.004041939973831177,0.0,0.003676116466522217,0.0,0.001239776611328125,0.0,0.001990795135498047,0.0,0.0,0.0,0.00716210063546896,0.0,0.0011371448636054993,0.0015567988157272339,0.0,0.0,0.0,0.0,0.0,0.0
0.0,1.0,1.0,0.0,0.006504356861114502,0.0,0.0,0.009900331497192383,0.009900331497192383,0.0,0.0,0.0,0.0,0.0,0.0,0.058668848127126694,0.058662887662649155,0.10563930124044418,0.10689546912908554,0.0,0.0,0.04024801030755043,0.0,0.0,0.0,0.0006526708602905273,0.0,0.0009126961231231689,0.0,0.0011786818504333496,0.0,0.0,0.0004172325134277344,0.0,0.0035330653190612793,0.0,0.0004172325134277344,0.0,0.0,0.0,0.0,0.00113658607006073,0.0015564262866973877,0.0,0.0,0.0,0.0,0.0008001923561096191,0.0006705522537231445
0.0,1.0,1.0,0.0,0.010737776756286621,0.0,0.0,0.019903481006622314,0.019900500774383545,0.009997189044952393,0.0070601701736450195,0.0,0.0,0.0,0.0,0.04866867884993553,0.04866271838545799,0.10333260148763657,0.10366640239953995,0.0,0.0,0.04066571965813637,0.0,0.0013733911792805885,0.0006809830665588379,0.0,0.0,0.00012740492820739746,0.0016830861568450928,0.0,0.000597536563873291,0.0,0.004507601261138916,0.0,0.008305907249450684,0.0,0.002828240394592285,0.00047460198402404785,0.010000169277191162,0.0,0.0,0.0011382624506950378,0.0015566125512123108,0.0,0.0,0.0,0.0,0.0027924776077270508,0.004647672176361084
0.0,1.0,1.0,0.0,0.01497417688369751,0.0,0.0,0.029900670051574707,0.029900670051574707,0.020000338554382324,0.014120340347290039,0.0,0.0,0.0,0.0,0.03866850957274437,0.03866102918982506,0.1010303720831871,0.10043434798717499,0.0,0.0,0.04108325019478798,0.0,0.002746782358561177,0.0020138919353485107,0.0,0.0006593763828277588,0.0,0.004544109106063843,0.0,0.0054039061069488525,0.0,0.008596479892730713,0.0,0.013077259063720703,0.0,0.005240738391876221,0.0018149614334106445,0.019999966025352478,0.0,0.0,0.0011356547474861145,0.0015579164028167725,0.0,0.0,0.0,0.0,0.004783272743225098,0.008632242679595947
0.0,1.0,1.0,0.0,0.019213557243347168,0.0,0.0,0.0398978590965271,0.03990083932876587,0.0299990177154541,0.021179020404815674,0.0,0.0,0.0,0.0,0.028668340295553207,0.02866237983107567,0.09872665256261826,0.09721267223358154,0.0,0.0,0.04150042310357094,0.0,0.004120173433911987,0.003347545862197876,0.0,0.0014483928680419922,0.0,0.00740736722946167,0.0,0.010211020708084106,0.0,0.012686848640441895,0.0,0.017850100994110107,0.0,0.0076517462730407715,0.003924965858459473,0.030000880360603333,0.0,0.0,0.0011354684829711914,0.0015573576092720032,0.0,0.0,0.0,0.0,0.006775557994842529,0.012609362602233887
0.0,1.0,1.0,0.0,0.023448467254638672,0.0,0.0,0.049902498722076416,0.04989653825759888,0.04000216722488403,0.028239190578460693,0.0,0.0,0.0,0.0,0.01866668090224266,0.01866370067000389,0.09641700237989426,0.09398216009140015,0.0,0.0,0.041918132454156876,0.0,0.0054935651328414685,0.004680454730987549,0.0,0.0022336840629577637,0.0,0.010269135236740112,0.0,0.015018880367279053,0.0,0.01677572727203369,0.0,0.02262592315673828,0.0,0.010062754154205322,0.006718933582305908,0.03999955952167511,0.0,0.0,0.0011362135410308838,0.001556985080242157,0.0,0.0,0.0,0.0,0.008769333362579346,0.016589462757110596
0.0,1.0,1.0,0.0,0.02768486738204956,0.0,0.0,0.059898197650909424,0.05989968776702881,0.05000084638595581,0.03529936075210571,0.0,0.0,0.0,0.0,0.008666511625051498,0.008666511625051498,0.09411623328924179,0.09074713289737701,0.0,0.0,0.04233548417687416,0.0,0.006866955584613607,0.006014108657836914,0.0,0.00302046537399292,0.0,0.013127177953720093,0.0,0.01982748508453369,0.0,0.020863115787506104,0.0,0.02739429473876953,0.0,0.012478232383728027,0.010125339031219482,0.05000196397304535,0.0,0.0,0.0011339783668518066,0.0015586614608764648,0.0,0.0,0.0,0.0,0.010755658149719238,0.020569562911987305
0.0,1.0,1.0,0.0,0.03192126750946045,0.0,0.0,0.06990432739257812,0.06990283727645874,0.05999654531478882,0.04235953092575073,0.0,0.0,0.0,0.0,0.0,0.0,0.0918169841170311,0.08752097934484482,0.0013306770706549287,0.0013366375351324677,0.04275301471352577,0.0,0.008240346867823973,0.007347017526626587,0.0,0.003807246685028076,0.0,0.015991926193237305,0.0,0.02463310956954956,0.0,0.02495795488357544,0.0,0.03216862678527832,0.0,0.014886260032653809,0.014084205031394958,0.059999898076057434,0.0,0.0,0.0011362135410308838,0.0015579164028167725,0.0,0.0,0.0,0.0,0.012753903865814209,0.024549663066864014
0.0,1.0,1.0,0.0,0.03615468740463257,0.0,0.0,0.07990002632141113,0.07990002632141113,0.06999969482421875,0.04941821098327637,0.0,0.0,0.0,0.0,0.0,0.0,0.08950730413198471,0.0842948779463768,0.011330846697092056,0.01133829727768898,0.04317018762230873,0.0,0.009613737319596112,0.008680671453475952,0.0,0.004594027996063232,0.0,0.018852204084396362,0.0,0.029440969228744507,0.0,0.02904534339904785,0.0,0.03693997859954834,0.0,0.017298758029937744,0.018546730279922485,0.07000043988227844,0.0,0.0,0.001134537160396576,0.0015573576092720032,0.0,0.0,0.0,0.0,0.014744699001312256,0.028531253337860107
0.0,1.0,1.0,0.0,0.04039257764816284,0.0,0.0,0.08990317583084106,0.08990317583084106,0.07999390363693237,0.056481361389160156,0.0,0.0,0.0,0.0,0.0,0.0,0.08720513433218002,0.08106579631567001,0.02132803574204445,0.021336976438760757,0.04358771815896034,0.0,0.010987128602806479,0.010013580322265625,0.0,0.005380064249038696,0.0,0.021711736917495728,0.0,0.03424882888793945,0.0,0.03313720226287842,0.0,0.04171431064605713,0.0,0.019709765911102295,0.023464486002922058,0.07999874651432037,0.0,0.0,0.0011354684829711914,0.0015579164028167725,0.0,0.0,0.0,0.0,0.01673102378845215,0.032514333724975586
0.0,1.0,1.0,0.0,0.044630467891693115,0.0,0.0,0.09990036487579346,0.09990036487579346,0.0899970531463623,0.06354153156280518,0.0,0.0,0.0,0.0,0.0,0.0,0.08490429818630219,0.07783816009759903,0.03132793679833412,0.03133876994252205,0.04400506988167763,0.0,0.012360520717455074,0.011346489191055298,0.0,0.0061668455600738525,0.0,0.024574995040893555,0.0,0.03905594348907471,0.0,0.037226080894470215,0.0,0.04648715257644653,0.0,0.022120773792266846,0.028802454471588135,0.09000003337860107,0.0,0.0,0.0011354684829711914,0.0015584751963615417,0.0,0.0,0.0,0.0,0.018727779388427734,0.03649294376373291
0.0,1.0,1.0,0.0,0.04886984825134277,0.0,0.0,0.10989904403686523,0.109902024269104,0.10000169277191162,0.07060021162033081,0.0,0.0,0.0,0.0,0.0,0.0,0.08259912580251694,0.07460763305425644,0.041330013424158096,0.041337016969919205,0.04442242160439491,0.0,0.013733911169227214,0.012680888175964355,0.0,0.0069551169872283936,0.0,0.02743452787399292,0.0,0.04386380314826965,0.0,0.04131793975830078,0.0,0.05125850439071655,0.0,0.024531781673431396,0.034524500370025635,0.09999983012676239,0.0,0.0,0.001134723424911499,0.0015567988157272339,0.0,0.0,0.0,0.0,0.020717084407806396,0.04047006368637085
0.0,1.0,1.0,0.0,0.05310177803039551,0.0,0.0,0.1198992133140564,0.11990219354629517,0.10999888181686401,0.07765889167785645,0.0,0.0,0.0,0.0,0.0,0.0,0.08029540628194809,0.07137855142354965,0.051334504038095474,0.051332686096429825,0.04484013095498085,0.0,0.01510730245243758,0.014012306928634644,0.0,0.007739663124084473,0.0,0.030297785997390747,0.0,0.04867240786552429,0.0,0.04540532827377319,0.0,0.05602985620498657,0.0,0.0269472599029541,0.04060082137584686,0.10999999940395355,0.0,0.0,0.0011362135410308838,0.0015579164028167725,0.0,0.0,0.0,0.0,0.022707879543304443,0.04445314407348633
0.0,1.0,1.0,0.0,0.05733966827392578,0.0,0.0,0.12990087270736694,0.12990236282348633,0.11999905109405518,0.0847160816192627,0.0,0.0,0.0,0.0,0.0,0.0,0.07799317687749863,0.0681479200720787,0.06133038178086281,0.06133914366364479,0.04525694623589516,0.0,0.016480693735647946,0.015345960855484009,0.0,0.008527189493179321,0.0,0.033161044120788574,0.0,0.05347803235054016,0.0,0.04949718713760376,0.0,0.06079971790313721,0.0,0.029355287551879883,0.0470038503408432,0.12000016868114471,0.0,0.0,0.0011337921023368835,0.0015594065189361572,0.0,0.0,0.0,0.0,0.024703145027160645,0.04843622446060181
0.0,1.0,1.0,0.0,0.061577558517456055,0.0,0.0,0.1399010419845581,0.1399010419845581,0.1300022006034851,0.09177476167678833,0.0,0.0,0.0,0.0,0.0,0.0,0.0756879672408104,0.06492038816213608,0.07133334875106812,0.07133594900369644,0.045674119144678116,0.0,0.017854085018858313,0.016680359840393066,0.0,0.009315460920333862,0.0,0.03602057695388794,0.0,0.058285146951675415,0.0,0.05358457565307617,0.0,0.06557554006576538,0.0,0.031766295433044434,0.053710490465164185,0.13000071048736572,0.0,0.0,0.0011336058378219604,0.0015594065189361572,0.0,0.0,0.0,0.0,0.026686489582061768,0.05241483449935913
0.0,1.0,1.0,0.0,0.06581097841262817,0.0,0.0,0.14990121126174927,0.14989972114562988,0.14000087976455688,0.09883493185043335,0.0,0.0,0.0,0.0,0.0,0.0,0.07338275760412216,0.061689745634794235,0.08132714778184891,0.08133351802825928,0.04609164968132973,0.0,0.019227476302068683,0.01801326870918274,0.0,0.010100752115249634,0.0,0.03888458013534546,0.0,0.06309375166893005,0.0,0.05767345428466797,0.0,0.0703468918800354,0.0,0.034180283546447754,0.06069876253604889,0.1400001347064972,0.0,0.0,0.0011352822184562683,0.0015577301383018494,0.0,0.0,0.0,0.0,0.02868473529815674,0.056396424770355225
0.0,1.0,1.0,0.0,0.07004737854003906,0.0,0.0,0.15989989042282104,0.15989989042282104,0.14999955892562866,0.10590106248855591,0.0,0.0,0.0,0.0,0.0,0.0,0.07108046859502792,0.058459240943193436,0.09133219718933105,0.0913383811712265,0.04650900140404701,0.0,0.02060086592240259,0.019344687461853027,0.0,0.010888278484344482,0.0,0.04174485802650452,0.0,0.06790086627006531,0.0,0.06176382303237915,0.0,0.0751197338104248,0.0,0.036588311195373535,0.06794892251491547,0.14999918639659882,0.0,0.0,0.0011352822184562683,0.0015581026673316956,0.0,0.0,0.0,0.0,0.030672550201416016,0.060376524925231934
0.0,1.0,1.0,0.0,0.07428228855133057,0.0,0.0,0.16989856958389282,0.16990303993225098,0.15999972820281982,0.11295825242996216,0.0,0.0,0.0,0.0,0.0,0.0,0.06877525895833969,0.05522733926773071,0.1013338565826416,0.10133981704711914,0.04692617431282997,0.0,0.021974257205612958,0.020679086446762085,0.0,0.011674314737319946,0.0,0.04460439085960388,0.0,0.07270947098731995,0.0,0.0658571720123291,0.0,0.07989257574081421,0.0,0.038999319076538086,0.07544271647930145,0.15999935567378998,0.0,0.0,0.0011341646313667297,0.0015586614608764648,0.0,0.0,0.0,0.0,0.03266781568527222,0.06435811519622803
0.0,1.0,1.0,0.0,0.07851868867874146,0.0,0.0,0.17990469932556152,0.17990320920944214,0.17000287771224976,0.12001991271972656,0.0,0.0,0.0,0.0,0.0,0.0,0.06647302210330963,0.05200124531984329,0.111331045627594,0.11133700609207153,0.047343168407678604,0.0,0.023347650151699782,0.022014230489730835,0.0,0.01245737075805664,0.0,0.04746764898300171,0.0,0.07751733064651489,0.0,0.06994307041168213,0.0,0.08466392755508423,0.0,0.04141181707382202,0.08316487073898315,0.17000064253807068,0.0,0.0,0.0011356547474861145,0.00155717134475708,0.0,0.0,0.0,0.0,0.034658610820770264,0.06833374500274658
0.0,1.0,1.0,0.0,0.08275508880615234,0.0,0.0,0.18989890813827515,0.18990039825439453,0.18000006675720215,0.1270771026611328,0.0,0.0,0.0,0.0,0.0,0.0,0.064164899289608,0.048774976283311844,0.12133419513702393,0.12134042382240295,0.04776034131646156,0.0,0.024721039772033694,0.023347139358520508,0.0,0.013246387243270874,0.0,0.050330162048339844,0.0,0.08232295513153076,0.0,0.07403343915939331,0.0,0.08943676948547363,0.0,0.04382431507110596,0.09110011160373688,0.1800011843442917,0.0,0.0,0.0011360272765159607,0.0015577301383018494,0.0,0.0,0.0,0.0,0.036647915840148926,0.07231384515762329
0.0,1.0,1.0,0.0,0.08698999881744385,0.0,0.0,0.19990205764770508,0.19990354776382446,0.19000321626663208,0.13413727283477783,0.0,0.0,0.0,0.0,0.0,0.0,0.061861176043748856,0.04554608464241028,0.1313248574733734,0.13133975863456726,0.04817769303917885,0.0,0.02609443105524406,0.024680793285369873,0.0,0.014031678438186646,0.0,0.05318894982337952,0.0,0.0871315598487854,0.0,0.07812082767486572,0.0,0.09420961141586304,0.0,0.04623681306838989,0.09923428297042847,0.18999911844730377,0.0,0.0,0.0011360272765159607,0.0015582889318466187,0.0,0.0,0.0,0.0,0.03864318132400513,0.07629692554473877
0.0,1.0,1.0,0.0,0.09122639894485474,0.0,0.0,0.20990221202373505,0.20990072190761566,0.1999974250793457,0.14119744300842285,0.0,0.0,0.0,0.0,0.0,0.0,0.05955745652318001,0.04231979325413704,0.14133334159851074,0.14134079217910767,0.048594508320093155,0.0,0.027467824001330885,0.02601221203804016,0.0,0.014819204807281494,0.0,0.05605071783065796,0.0,0.09193718433380127,0.0,0.08221268653869629,0.0,0.09898245334625244,0.0,0.04864782094955444,0.10755658149719238,0.20000003278255463,0.0,0.0,0.0011350959539413452,0.0015581026673316956,0.0,0.0,0.0,0.0,0.040630996227264404,0.08027702569961548
0.0,1.0,1.0,0.0,0.0954657793045044,0.0,0.0,0.2199023813009262,0.21989791095256805,0.20999906957149506,0.1482561230659485,0.0,0.0,0.0,0.0,0.0,0.0,0.057252246886491776,0.03908475115895271,0.15133023262023926,0.15133258700370789,0.049011681228876114,0.0,0.02884121528454125,0.02734661102294922,0.0,0.015605241060256958,0.0,0.058913230895996094,0.0,0.09674727916717529,0.0,0.08630454540252686,0.0,0.10375231504440308,0.0,0.051058828830718994,0.11605434119701385,0.20999981462955475,0.0,0.0,0.0011362135410308838,0.0015573576092720032,0.0,0.0,0.0,0.0,0.042623281478881836,0.08426010608673096
0.0,1.0,1.0,0.0,0.09969770908355713,0.0,0.0,0.22990256547927856,0.22990256547927856,0.21999625861644745,0.1553162932395935,0.0,0.0,0.0,0.0,0.0,0.0,0.05495001748204231,0.03585439547896385,0.1613333821296692,0.16133785247802734,0.04942885413765907,0.0,0.03021460490487516,0.028680264949798584,0.0,0.016392767429351807,0.0,0.061774253845214844,0.0,0.10155364871025085,0.0,0.09039491415023804,0.0,0.10852664709091187,0.0,0.05347132682800293,0.12471750378608704,0.2200007289648056,0.0,0.0,0.0011356547474861145,0.001559033989906311,0.0,0.0,0.0,0.0,0.04461705684661865,0.08823573589324951
0.0,1.0,1.0,0.0,0.10393857955932617,0.0,0.0,0.23990273475646973,0.23990273475646973,0.2299979329109192,0.1623794436454773,0.0,0.0,0.0,0.0,0.0,0.0,0.05264199525117874,0.03262658789753914,0.17133206129074097,0.17133435606956482,0.049845848232507706,0.0,0.03158799452520907,0.030015408992767334,0.0,0.01717880368232727,0.0,0.0646352767944336,0.0,0.1063615083694458,0.0,0.09448379278182983,0.0,0.11329501867294312,0.0,0.05588233470916748,0.13353563845157623,0.23000016808509827,0.0,0.0,0.0011343508958816528,0.0015581026673316956,0.0,0.0,0.0,0.0,0.046612322330474854,0.09222179651260376
0.0,1.0,1.0,0.0,0.10817199945449829,0.0,0.0,0.24989694356918335,0.2499029040336609,0.23999959230422974,0.16943514347076416,0.0,0.0,0.0,0.0,0.0,0.0,0.05034100264310837,0.029397742822766304,0.18133258819580078,0.18133968114852905,0.050263021141290665,0.0,0.03296138747129589,0.03134608268737793,0.0,0.017965584993362427,0.0,0.06749853491783142,0.0,0.11116862297058105,0.0,0.09856671094894409,0.0,0.11807084083557129,0.0,0.058294832706451416,0.1424979418516159,0.24000070989131927,0.0,0.0,0.0011349096894264221,0.0015575438737869263,0.0,0.0,0.0,0.0,0.04860013723373413,0.09620040655136108
0.0,1.0,1.0,0.0,0.11240988969802856,0.0,0.0,0.25990307331085205,0.2598986029624939,0.25000274181365967,0.17649680376052856,0.0,0.0,0.0,0.0,0.0,0.0,0.04803159087896347,0.026172896847128868,0.19133388996124268,0.19134022295475006,0.0506800152361393,0.0,0.034334777091629805,0.0326789915561676,0.0,0.018752366304397583,0.0,0.07035806775093079,0.0,0.11597424745559692,0.0,0.10266155004501343,0.0,0.12284070253372192,0.0,0.060708820819854736,0.15160031616687775,0.25000011920928955,0.0,0.0,0.001134537160396576,0.0015575438737869263,0.0,0.0,0.0,0.0,0.05059242248535156,0.10018050670623779
0.0,1.0,1.0,0.0,0.11664330959320068,0.0,0.0,0.26990026235580444,0.2698972821235657,0.26000291109085083,0.18355697393417358,0.0,0.0,0.0,0.0,0.0,0.0,0.04572787880897522,0.022943686693906784,0.20133405923843384,0.20134001970291138,0.051096830517053604,0.0,0.035708170037716626,0.03401339054107666,0.0,0.019540637731552124,0.0,0.07322058081626892,0.0,0.12078210711479187,0.0,0.10674893856048584,0.0,0.12761950492858887,0.0,0.06311684846878052,0.16083009541034698,0.25999993085861206,0.0,0.0,0.0011362135410308838,0.0015579164028167725,0.0,0.0,0.0,0.0,0.05258619785308838,0.1041606068611145
0.0,1.0,1.0,0.0,0.12088418006896973,0.0,0.0,0.279901921749115,0.279901921749115,0.2700001001358032,0.19061565399169922,0.0,0.0,0.0,0.0,0.0,0.0,0.04342983290553093,0.019714733585715294,0.21133014559745789,0.21133340895175934,0.05151400342583656,0.0,0.03708155965805054,0.03534629940986633,0.0,0.020326673984527588,0.0,0.07608160376548767,0.0,0.12558996677398682,0.0,0.11084228754043579,0.0,0.13238787651062012,0.0,0.06552636623382568,0.17018355429172516,0.2700001001358032,0.0,0.0,0.0011358410120010376,0.00155717134475708,0.0,0.0,0.0,0.0,0.05457550287246704,0.10813921689987183
0.0,1.0,1.0,0.0,0.12511610984802246,0.0,0.0,0.28990206122398376,0.28990206122398376,0.2800002694129944,0.197678804397583,0.0,0.0,0.0,0.0,0.0,0.0,0.04111875966191292,0.016485651955008507,0.22133034467697144,0.22133737802505493,0.051930997520685196,0.0,0.03845494927838445,0.03668069839477539,0.0,0.021114200353622437,0.0,0.0789441168308258,0.0,0.13039782643318176,0.0,0.11493414640426636,0.0,0.1371622085571289,0.0,0.067940354347229,0.17965026199817657,0.28000062704086304,0.0,0.0,0.0011354684829711914,0.0015575438737869263,0.0,0.0,0.0,0.0,0.05656778812408447,0.11212378740310669
0.0,1.0,1.0,0.0,0.12935549020767212,0.0,0.0,0.2999022305011749,0.2999022305011749,0.2899974286556244,0.20473448932170868,0.0,0.0,0.0,0.0,0.0,0.0,0.038822490721940994,0.013253589160740376,0.23132774233818054,0.2313375473022461,0.05234799161553383,0.0,0.03982834222447127,0.03801286220550537,0.0,0.021901726722717285,0.0,0.08180662989616394,0.0,0.13520494103431702,0.0,0.1190185546875,0.0,0.1419350504875183,0.0,0.07035136222839355,0.18922612071037292,0.2900000512599945,0.0,0.0,0.001134723424911499,0.0015577301383018494,0.0,0.0,0.0,0.0,0.05856156349182129,0.11610239744186401
0.0,1.0,1.0,0.0,0.1335933804512024,0.0,0.0,0.3099009096622467,0.3098994195461273,0.3000020682811737,0.21179912984371185,0.0,0.0,0.0,0.0,0.0,0.0,0.036517176777124405,0.010023310780525208,0.2413347363471985,0.241338312625885,0.052764806896448135,0.0,0.0412017351705581,0.039346516132354736,0.0,0.022686272859573364,0.0,0.084666907787323,0.0,0.14001205563545227,0.0,0.12311041355133057,0.0,0.14670789241790771,0.0,0.0727623701095581,0.19890367984771729,0.29999908804893494,0.0,0.0,0.0011350959539413452,0.0015582889318466187,0.0,0.0,0.0,0.0,0.06055384874343872,0.12008249759674072
0.0,1.0,1.0,0.0,0.13782531023025513,0.0,0.0,0.3198995888233185,0.31990107893943787,0.3100007474422455,0.21885930001735687,0.0,0.0,0.0,0.0,0.0,0.0,0.0342063345015049,0.006798406597226858,0.2513250410556793,0.25133538246154785,0.053181443363428116,0.0,0.042575121465139094,0.040677934885025024,0.0,0.02347305417060852,0.0,0.08752718567848206,0.0,0.1448214054107666,0.0,0.12719929218292236,0.0,0.15147626399993896,0.0,0.07517486810684204,0.20867733657360077,0.3100000023841858,0.0,0.0,0.0011358410120010376,0.0015584751963615417,0.0,0.0,0.0,0.0,0.06254315376281738,0.12406706809997559
0.0,1.0,1.0,0.0,0.1420632004737854,0.0,0.0,0.3299027681350708,0.32989978790283203,0.3199979364871979,0.22591203451156616,0.0,0.0,0.0,0.0,0.0,0.0,0.03190411254763603,0.0035678348504006863,0.26133406162261963,0.2613365650177002,0.0535987950861454,0.0,0.04394851773697883,0.04201233386993408,0.0,0.024259835481643677,0.0,0.09038969874382019,0.0,0.14962553977966309,0.0,0.13128817081451416,0.0,0.15625357627868652,0.0,0.07758587598800659,0.218539297580719,0.31999942660331726,0.0,0.0,0.0011358410120010376,0.0015567988157272339,0.0,0.0,0.0,0.0,0.06453543901443481,0.12804269790649414
0.0,1.0,1.0,0.0,0.14629662036895752,0.0,0.0,0.3399014472961426,0.3399014472961426,0.3299996256828308,0.23297220468521118,0.0,0.0,0.0,0.0,0.0,0.0,0.0296031441539526,0.0003387531323824078,0.27132928371429443,0.2713342607021332,0.05401561036705971,0.0,0.04532190403155983,0.04334598779678345,0.0,0.025047361850738525,0.0,0.09325146675109863,0.0,0.15443488955497742,0.0,0.13538002967834473,0.0,0.16102343797683716,0.0,0.0800013542175293,0.22848844528198242,0.3300003707408905,0.0,0.0,0.0011350959539413452,0.0015575438737869263,0.0,0.0,0.0,0.0,0.06652921438217163,0.13202577829360962
0.0,1.0,1.0,0.0,0.15053600072860718,0.0,0.0,0.34990012645721436,0.34990012645721436,0.34000128507614136,0.24003684520721436,0.0,0.0,0.0,0.0028944669757038355,0.0,0.0,0.02729942463338375,0.0,0.28132694959640503,0.28133291006088257,0.05443224683403969,0.0,0.04669529697764665,0.04467815160751343,0.0,0.02583414316177368,0.0,0.09611323475837708,0.0,0.15924274921417236,0.0,0.1394718885421753,0.0,0.16579478979110718,0.0,0.08240938186645508,0.2385161817073822,0.33999866247177124,0.0,0.0,0.0011343508958816528,0.0015579164028167725,0.0,0.0,0.0,0.0,0.06852149963378906,0.13600289821624756
0.0,1.0,1.0,0.0,0.15477091073989868,0.0,0.0,0.3599002957344055,0.35989880561828613,0.34999698400497437,0.24709552526474,0.0,0.0,0.0,0.00612090015783906,0.0,0.0,0.02499123476445675,0.0,0.29133108258247375,0.2913340628147125,0.054849062114953995,0.0,0.04806868659798056,0.04601404070854187,0.0,0.02661868929862976,0.0,0.09897276759147644,0.0,0.16404837369918823,0.0,0.1435607671737671,0.0,0.17056763172149658,0.0,0.08481889963150024,0.2486191689968109,0.34999996423721313,0.0,0.0,0.0011358410120010376,0.0015581026673316956,0.0,0.0,0.0,0.0,0.07050931453704834,0.1399889588356018
0.0,1.0,1.0,0.0,0.15900582075119019,0.0,0.0,0.3698989748954773,0.3699004650115967,0.3600001335144043,0.25415271520614624,0.0,0.0,0.0,0.00934849213808775,0.0,0.0,0.022690366953611374,0.0,0.3013317883014679,0.3013346493244171,0.0552658773958683,0.0,0.04944207621831447,0.04734620451927185,0.0,0.027407705783843994,0.0,0.10183602571487427,0.0,0.16885697841644287,0.0,0.1476496458053589,0.0,0.17534345388412476,0.0,0.08723437786102295,0.2587936818599701,0.3600001335144043,0.0,0.0,0.0011373311281204224,0.0015575438737869263,0.0,0.0,0.0,0.0,0.07250010967254639,0.14396607875823975
0.0,1.0,1.0,0.0,0.16324222087860107,0.0,0.0,0.3798976540565491,0.37990063428878784,0.37000030279159546,0.2612113952636719,0.0,0.0,0.0,0.012580554001033306,0.0,0.0,0.020388266071677208,0.0,0.3113314211368561,0.3113332986831665,0.05568251386284828,0.0,0.05081547249015421,0.04867911338806152,0.0,0.028192996978759766,0.0,0.1046985387802124,0.0,0.1736655831336975,0.0,0.15174001455307007,0.0,0.18011033535003662,0.0,0.08964240550994873,0.2690356373786926,0.37000030279159546,0.0,0.0,0.00113658607006073,0.0015575438737869263,0.0,0.0,0.0,0.0,0.07449686527252197,0.14794617891311646
0.0,1.0,1.0,0.0,0.16747862100601196,0.0,0.0,0.3898993134498596,0.3899022936820984,0.3800034523010254,0.26827454566955566,0.0,0.0,0.0,0.015806840732693672,0.0,0.0,0.01808454655110836,0.0,0.32133159041404724,0.3213319480419159,0.05609932914376259,0.0,0.052188858784735205,0.050011277198791504,0.0,0.028982013463974,0.0,0.10755956172943115,0.0,0.17847344279289246,0.0,0.15583187341690063,0.0,0.1848861575126648,0.0,0.09205639362335205,0.27933716773986816,0.38000011444091797,0.0,0.0,0.0011358410120010376,0.0015579164028167725,0.0,0.0,0.0,0.0,0.07648617029190063,0.15192776918411255
0.0,1.0,1.0,0.0,0.17171651124954224,0.0,0.0,0.39990097284317017,0.3998979926109314,0.39000362157821655,0.2753347158432007,0.0,0.0,0.0,0.019034435972571373,0.0,0.0,0.015774866566061974,0.0,0.3313302993774414,0.3313383460044861,0.056516144424676895,0.0,0.053562251730822026,0.051347166299819946,0.0,0.029766559600830078,0.0,0.1104205846786499,0.0,0.18327832221984863,0.0,0.15991628170013428,0.0,0.18965452909469604,0.0,0.09446889162063599,0.2896975576877594,0.39000028371810913,0.0,0.0,0.0011362135410308838,0.0015575438737869263,0.0,0.0,0.0,0.0,0.07847249507904053,0.15590786933898926
0.0,1.0,1.0,0.0,0.17595142126083374,0.0,0.0,0.40990114212036133,0.40990114212036133,0.4000037908554077,0.2823948860168457,0.0,0.0,0.0,0.022261837497353554,0.0,0.0,0.013468449003994465,0.0,0.3413349390029907,0.34133851528167725,0.05693260207772255,0.0,0.05493563802540303,0.05267933011054993,0.0,0.030554085969924927,0.0,0.11328011751174927,0.0,0.18808692693710327,0.0,0.16400516033172607,0.0,0.19443035125732422,0.0,0.09687989950180054,0.30011308193206787,0.3999989628791809,0.0,0.0,0.0011350959539413452,0.0015579164028167725,0.004514495842158794,0.0,0.0,0.0,0.08046776056289673,0.15989094972610474
0.0,1.0,1.0,0.0,0.18018782138824463,0.0,0.0,0.4199028015136719,0.4198998212814331,0.4099994897842407,0.28945502638816833,0.0,0.0,0.0,0.025495389476418495,0.0,0.0,0.011165936477482319,0.0,0.35133063793182373,0.3513372242450714,0.05734959617257118,0.0,0.056309034297242766,0.05401149392127991,0.0,0.03134012222290039,0.0,0.1161433756351471,0.0,0.19289404153823853,0.0,0.16809701919555664,0.0,0.19920170307159424,0.0,0.09929090738296509,0.3105789124965668,0.40999913215637207,0.0,0.0,0.0011362135410308838,0.0015575438737869263,0.01212735939770937,0.0,0.0,0.0,0.08245706558227539,0.16386955976486206
0.0,1.0,1.0,0.0,0.18442422151565552,0.0,0.0,0.42989999055862427,0.42989999055862427,0.42000263929367065,0.29651370644569397,0.0,0.0,0.0,0.028727451339364052,0.0,0.0,0.00886519718915224,0.0,0.3613322973251343,0.361331045627594,0.05776623263955116,0.0,0.05768242391757667,0.055345892906188965,0.0,0.03212466835975647,0.0,0.11900439858436584,0.0,0.19770115613937378,0.0,0.17218738794326782,0.0,0.20397603511810303,0.0,0.10170191526412964,0.32109203934669495,0.42000001668930054,0.0,0.0,0.0011350959539413452,0.0015581026673316956,0.01974022202193737,0.0,0.0,0.0,0.08445233106613159,0.16784816980361938
0.0,1.0,1.0,0.0,0.1886606216430664,0.0,0.0,0.4399016499519348,0.43989866971969604,0.42999833822250366,0.3035708963871002,0.0,0.0,0.0,0.03195760399103165,0.0,0.0,0.00656147813424468,0.0,0.37132948637008667,0.3713369369506836,0.05818269029259682,0.0,0.05905582018941641,0.05667880177497864,0.0,0.03291293978691101,0.0,0.12186691164970398,0.0,0.20250827074050903,0.0,0.176277756690979,0.0,0.20874886214733124,0.0,0.10411292314529419,0.3316488265991211,0.4300009608268738,0.0,0.0,0.001134723424911499,0.001558847725391388,0.027353085577487946,0.0,0.0,0.0,0.08644461631774902,0.17183274030685425
0.0,1.0,1.0,0.0,0.1928970217704773,0.0,0.0,0.4499003291130066,0.449901819229126,0.4399999976158142,0.310634046792984,0.0,0.0,0.0,0.03517816588282585,0.0,0.0,0.004259093198925257,0.0,0.3813311457633972,0.3813328146934509,0.058599505573511124,0.0,0.060429203158244495,0.05801469087600708,0.0,0.033698976039886475,0.0,0.12472718954086304,0.0,0.20731686055660248,0.0,0.1803666353225708,0.0,0.21351872384548187,0.0,0.10652393102645874,0.3422476351261139,0.4399999976158142,0.0,0.0,0.0011373311281204224,0.0015582889318466187,0.03496595099568367,0.0,0.0,0.0,0.08843541145324707,0.1758098602294922
0.0,1.0,1.0,0.0,0.19713342189788818,0.0,0.0,0.45990049839019775,0.45990198850631714,0.4499971866607666,0.31769421696662903,0.0,0.0,0.0,0.03840873762965202,0.0,0.0,0.0019525488605722785,0.0,0.3913313150405884,0.39133429527282715,0.059016142040491104,0.0,0.06180259943008423,0.05934685468673706,0.0,0.03448650240898132,0.0,0.12759044766426086,0.0,0.21212248504161835,0.0,0.18445998430252075,0.0,0.21829156577587128,0.0,0.10893791913986206,0.3528822064399719,0.4499998092651367,0.0,0.0,0.0011354684829711914,0.00155717134475708,0.042578812688589096,0.0,0.0,0.0,0.09042322635650635,0.17979145050048828
0.0,1.0,1.0,0.0,0.20136535167694092,0.0,0.0,0.4699021577835083,0.46990513801574707,0.45999884605407715,0.32475587725639343,0.0,0.0,0.00034819039865396917,0.04164102301001549,0.0,0.0,0.0,0.0,0.40133365988731384,0.40133893489837646,0.05943259969353676,0.0,0.06317599570192398,0.06067901849746704,0.0,0.03527402877807617,0.0,0.13045147061347961,0.0,0.21693183481693268,0.0,0.18854737281799316,0.0,0.22306591272354126,0.0,0.11134892702102661,0.36355292797088623,0.4599999785423279,0.0,0.0,0.0011369585990905762,0.0015581026673316956,0.05019167810678482,0.0,0.0,0.0,0.09241551160812378,0.18376857042312622
0.0,1.0,1.0,0.0,0.20560918748378754,0.0,0.0,0.47990530729293823,0.47990381717681885,0.47000348567962646,0.33181607723236084,0.0,0.0,0.002654890064150095,0.044874925166368484,0.0,0.0,0.0,0.0,0.41132429242134094,0.41133323311805725,0.05984923616051674,0.0,0.06454937867075206,0.06201118230819702,0.0,0.036060065031051636,0.0,0.13331174850463867,0.0,0.22173896431922913,0.0,0.19263625144958496,0.0,0.22783875465393066,0.0,0.11375993490219116,0.3742538392543793,0.46999865770339966,0.0,0.0,0.0011358410120010376,0.001556985080242157,0.05780453979969025,0.0,0.0,0.0,0.09441226720809937,0.18775314092636108
0.0,1.0,1.0,0.0,0.20984111726284027,0.0,0.0,0.4898965358734131,0.48990100622177124,0.48000067472457886,0.3388717770576477,0.0,0.0,0.004960099700838327,0.04809700325131416,0.0,0.0,0.0,0.0,0.42132890224456787,0.42133480310440063,0.06026569381356239,0.0,0.06592277494259179,0.06334558129310608,0.0,0.0368461012840271,0.0,0.1361742615699768,0.0,0.2265453338623047,0.0,0.19672811031341553,0.0,0.23260712623596191,0.0,0.11617392301559448,0.3849819302558899,0.4799984395503998,0.0,0.0,0.0011339783668518066,0.0015579164028167725,0.06541740149259567,0.0,0.0,0.0,0.09640604257583618,0.19173622131347656
0.0,1.0,1.0,0.0,0.21408049762248993,0.0,0.0,0.499899685382843,0.4999026656150818,0.49000084400177,0.3459319472312927,0.0,0.0,0.007264964748173952,0.05132804438471794,0.0,0.0,0.0,0.0,0.43132904171943665,0.43133869767189026,0.06068215146660805,0.0,0.0672961645629257,0.06467849016189575,0.0,0.03763139247894287,0.0,0.13903677463531494,0.0,0.23135244846343994,0.0,0.20081549882888794,0.0,0.23737996816635132,0.0,0.11858046054840088,0.3957390785217285,0.48999935388565063,0.0,0.0,0.0011354684829711914,0.0015567988157272339,0.07303021848201752,0.0,0.0,0.0,0.09839534759521484,0.19571185111999512
0.0,1.0,1.0,0.0,0.21831540763378143,0.0,0.0,0.5099013447761536,0.5099013447761536,0.5000010132789612,0.35299062728881836,0.0,0.0,0.009566049091517925,0.054558128118515015,0.0,0.0,0.0,0.0,0.4413291811943054,0.44133663177490234,0.06109878793358803,0.0,0.06866955418325961,0.06601214408874512,0.0,0.038420408964157104,0.0,0.1418963074684143,0.0,0.23616105318069458,0.0,0.2049088478088379,0.0,0.24215281009674072,0.0,0.1209944486618042,0.40652042627334595,0.5000001788139343,0.0,0.0,0.0011354684829711914,0.0015567988157272339,0.08064308762550354,0.0,0.0,0.0,0.10038316249847412,0.19969791173934937
0.0,1.0,1.0,0.0,0.22254884243011475,0.0,0.0,0.5199015140533447,0.5199030041694641,0.5100056529045105,0.36005228757858276,0.0,0.0,0.011869947426021099,0.057784222066402435,0.0,0.0,0.0,0.0,0.45133084058761597,0.45133230090141296,0.061515066772699356,0.0,0.07004293715208769,0.06734728813171387,0.0,0.039205700159072876,0.0,0.14475882053375244,0.0,0.24096891283988953,0.0,0.2089962363243103,0.0,0.2469271421432495,0.0,0.12340545654296875,0.4173189401626587,0.5100000500679016,0.0,0.0,0.0011343508958816528,0.0015581026673316956,0.08825599402189255,0.0,0.0,0.0,0.10237544775009155,0.2036750316619873
0.0,1.0,1.0,0.0,0.22678375244140625,0.0,0.0,0.5299016833305359,0.5299016833305359,0.5199998617172241,0.36711394786834717,0.0,0.0,0.014174978248775005,0.0610152892768383,0.0,0.0,0.0,0.0,0.46132802963256836,0.4613354802131653,0.06193170323967934,0.0,0.07141633342392743,0.06867721676826477,0.0,0.03999248147010803,0.0,0.14762207865715027,0.0,0.24577602744102478,0.0,0.2130851149559021,0.0,0.25169700384140015,0.0,0.12581795454025269,0.42813754081726074,0.5199987292289734,0.0,0.0,0.0011369585990905762,0.00155717134475708,0.09586881101131439,0.0,0.0,0.0,0.10436773300170898,0.2076566070318222
0.0,1.0,1.0,0.0,0.23102015256881714,0.0,0.0,0.539901852607727,0.5398988723754883,0.5299970507621765,0.3741741180419922,0.0,0.0,0.0164788831025362,0.06424534320831299,0.0,0.0,0.0,0.0,0.4713311791419983,0.4713325798511505,0.06234816089272499,0.0,0.07278972304426135,0.07001161575317383,0.0,0.04077926278114319,0.0,0.15048086643218994,0.0,0.2505838871002197,0.0,0.2171725034713745,0.0,0.25646835565567017,0.0,0.12822896242141724,0.43897107243537903,0.5300000309944153,0.0,0.0,0.0011358410120010376,0.0015581026673316956,0.10348167270421982,0.0,0.0,0.0,0.1063615083694458,0.21163372695446014
0.0,1.0,1.0,0.0,0.23526102304458618,0.0,0.0,0.5499005317687988,0.5499005317687988,0.5399972200393677,0.38123130798339844,0.0,0.0,0.018782606348395348,0.06747493892908096,0.0,0.0,0.0,0.0,0.48133134841918945,0.4813366234302521,0.06276444345712662,0.0,0.07416311266459524,0.0713445246219635,0.0,0.04156529903411865,0.0,0.15334412455558777,0.0,0.255391001701355,0.0,0.22126585245132446,0.0,0.26124119758605957,0.0,0.1306399703025818,0.44981762766838074,0.5400002002716064,0.0,0.0,0.0011350959539413452,0.0015584751963615417,0.11109458655118942,0.0,0.0,0.0,0.10835230350494385,0.21561531722545624
0.0,1.0,1.0,0.0,0.23949593305587769,0.0,0.0,0.5598977208137512,0.5598992109298706,0.5500003695487976,0.38829147815704346,0.0,0.0,0.021086329594254494,0.07070349156856537,0.0,0.0,0.0,0.0,0.49132540822029114,0.491338312625885,0.06318090111017227,0.0,0.07553650893643499,0.07267892360687256,0.0,0.042351335287094116,0.0,0.1562058925628662,0.0,0.26019811630249023,0.0,0.22535473108291626,0.0,0.26601552963256836,0.0,0.1330539584159851,0.4606761038303375,0.5499992370605469,0.0,0.0,0.00113658607006073,0.0015584751963615417,0.11870744824409485,0.0,0.0,0.0,0.11034011840820312,0.21959839761257172
0.0,1.0,1.0,0.0,0.24373233318328857,0.0,0.0,0.5699008703231812,0.5699023604393005,0.5599990487098694,0.3953516483306885,0.0,0.0,0.023391345515847206,0.07393188774585724,0.0,0.0,0.0,0.0,0.5013316869735718,0.5013376474380493,0.0635971799492836,0.0,0.0769098985567689,0.07401108741760254,0.0,0.043138861656188965,0.0,0.15906766057014465,0.0,0.2650067210197449,0.0,0.22944360971450806,0.0,0.27078837156295776,0.0,0.13546347618103027,0.47154390811920166,0.5599990487098694,0.0,0.0,0.0011369585990905762,0.0015581026673316956,0.1263202726840973,0.0,0.0,0.0,0.11233538389205933,0.22357404232025146
0.0,1.0,1.0,0.0,0.24796724319458008,0.0,0.0,0.5798995494842529,0.5799025297164917,0.5699992179870605,0.4024103283882141,0.0,0.0,0.02569357492029667,0.07715920358896255,0.0,0.0,0.0,0.0,0.5113303661346436,0.5113286972045898,0.06401363760232925,0.0,0.07828328817710281,0.07534772157669067,0.0,0.04392564296722412,0.0,0.1619301736354828,0.0,0.2698138356208801,0.0,0.23353546857833862,0.0,0.2755597233772278,0.0,0.1378759741783142,0.4824172854423523,0.5699995756149292,0.0,0.0,0.0011362135410308838,0.0015581026673316956,0.1339331716299057,0.0,0.0,0.0,0.11432766914367676,0.22755861282348633
0.0,1.0,1.0,0.0,0.2521991729736328,0.0,0.0,0.5899012088775635,0.5899012088775635,0.5799978971481323,0.40946751832962036,0.0,0.0,0.027998987585306168,0.08039005845785141,0.0,0.0,0.0,0.0,0.521327555179596,0.5213347673416138,0.06443009525537491,0.0,0.07965667779743672,0.07667839527130127,0.0,0.04471242427825928,0.0,0.16478970646858215,0.0,0.2746209502220154,0.0,0.23762136697769165,0.0,0.2803325653076172,0.0,0.14028698205947876,0.49329474568367004,0.5800001621246338,0.0,0.0,0.0011354684829711914,0.0015579164028167725,0.14154599606990814,0.0,0.0,0.0,0.11632144451141357,0.23153424263000488
0.0,1.0,1.0,0.0,0.25644153356552124,0.0,0.0,0.5998998880386353,0.5998983979225159,0.5899980664253235,0.4165276885032654,0.0,0.0,0.03030805103480816,0.08361978083848953,0.0,0.0,0.0,0.0,0.5313321948051453,0.5313396453857422,0.06484637409448624,0.0,0.08103006741777063,0.07801204919815063,0.0,0.045496970415115356,0.0,0.16765296459197998,0.0,0.27942955493927,0.0,0.24171173572540283,0.0,0.2851054072380066,0.0,0.1426994800567627,0.5041733384132385,0.5900002717971802,0.0,0.0,0.0011358410120010376,0.0015564262866973877,0.14915885031223297,0.0,0.0,0.0,0.11830925941467285,0.23551732301712036
0.0,1.0,1.0,0.0,0.260673463344574,0.0,0.0,0.6099000573158264,0.609898567199707,0.6000027060508728,0.42359083890914917,0.0,0.0,0.032613255083560944,0.08684644848108292,0.0,0.0,0.0,0.0,0.5413338541984558,0.5413377285003662,0.06526247411966324,0.0,0.0824034703411162,0.07934495806694031,0.0,0.0462852418422699,0.0,0.17051249742507935,0.0,0.2842351794242859,0.0,0.2458035945892334,0.0,0.2898811995983124,0.0,0.14511048793792725,0.5150545239448547,0.6000005006790161,0.0,0.0,0.001134723424911499,0.0015573576092720032,0.156771719455719,0.0,0.0,0.0,0.12030154466629028,0.2395033836364746
0.0,1.0,1.0,0.0,0.26490986347198486,0.0,0.0,0.6198987364768982,0.6198987364768982,0.6099998950958252,0.4306480288505554,0.0,0.0,0.03491270914673805,0.09007851034402847,0.0,0.0,0.0,0.0,0.5513295531272888,0.5513325333595276,0.06567875295877457,0.0,0.08377685330994428,0.08067935705184937,0.0,0.04707127809524536,0.0,0.17337501049041748,0.0,0.28904449939727783,0.0,0.2498924732208252,0.0,0.29464957118034363,0.0,0.1475214958190918,0.525932788848877,0.6099998950958252,0.0,0.0,0.0011350959539413452,0.0015573576092720032,0.16438458859920502,0.0,0.0,0.0,0.1222953200340271,0.24348050355911255
0.0,1.0,1.0,0.0,0.2691492438316345,0.0,0.0,0.6298989057540894,0.6299003958702087,0.6200000643730164,0.4377111792564392,0.0,0.0,0.037221115082502365,0.0933069959282875,0.0,0.0,0.0,0.0,0.5613234043121338,0.5613396167755127,0.0660950317978859,0.0,0.08515023627877236,0.08201301097869873,0.0,0.04785805940628052,0.0,0.17623752355575562,0.0,0.2938508689403534,0.0,0.2539798617362976,0.0,0.29941943287849426,0.0,0.14993399381637573,0.5368053913116455,0.6200000643730164,0.0,0.0,0.0011362135410308838,0.0015582889318466187,0.17199748754501343,0.0,0.0,0.0,0.12428611516952515,0.24745911359786987
0.0,1.0,1.0,0.0,0.273384153842926,0.0,0.0,0.6399006247520447,0.6398991346359253,0.6300002932548523,0.44476836919784546,0.0,0.0,0.03952036425471306,0.09653369337320328,0.0,0.0,0.0,0.0,0.5713284015655518,0.5713325142860413,0.06651131063699722,0.0,0.08652363920211792,0.08334368467330933,0.0,0.04864633083343506,0.0,0.17909705638885498,0.0,0.29865947365760803,0.0,0.2580717206001282,0.0,0.30419376492500305,0.0,0.1523435115814209,0.5476728081703186,0.6299988031387329,0.0,0.0,0.0011350959539413452,0.0015562400221824646,0.17961035668849945,0.0,0.0,0.0,0.12627989053726196,0.25144219398498535
0.0,1.0,1.0,0.0,0.27761906385421753,0.0,0.0,0.6498978137969971,0.6499007940292358,0.6400019526481628,0.45183002948760986,0.0,0.0,0.04182259365916252,0.09976128488779068,0.0,0.0,0.0,0.0,0.5813266634941101,0.5813375115394592,0.06692741066217422,0.0,0.08789702217094601,0.08467957377433777,0.0,0.049433112144470215,0.0,0.18195882439613342,0.0,0.3034658432006836,0.0,0.26216208934783936,0.0,0.3089695870876312,0.0,0.15475749969482422,0.5585312843322754,0.6400008201599121,0.0,0.0,0.0011354684829711914,0.00155717134475708,0.1872231811285019,0.0,0.0,0.0,0.12826770544052124,0.2554193139076233
0.0,1.0,1.0,0.0,0.2818569540977478,0.0,0.0,0.6598979830741882,0.659900963306427,0.6499991416931152,0.4588872194290161,0.0,0.0,0.04412803053855896,0.10298887640237808,0.0,0.0,0.0,0.0,0.5913317203521729,0.5913401246070862,0.06734368950128555,0.0,0.08927041179127991,0.08601173758506775,0.0,0.050220638513565063,0.0,0.18482059240341187,0.0,0.30827146768569946,0.0,0.26625245809555054,0.0,0.31374093890190125,0.0,0.15716701745986938,0.5693838000297546,0.6499999165534973,0.0,0.0,0.001134723424911499,0.0015581026673316956,0.19483603537082672,0.0,0.0,0.0,0.1302570104598999,0.2594009041786194
0.0,1.0,1.0,0.0,0.2860918641090393,0.0,0.0,0.6699026226997375,0.6699011325836182,0.6600008010864258,0.46594738960266113,0.0,0.0,0.04643702134490013,0.10622242838144302,0.0,0.0,0.0,0.0,0.601331889629364,0.6013393402099609,0.06775996834039688,0.0,0.09064380806311965,0.08734390139579773,0.0,0.051005929708480835,0.0,0.18768161535263062,0.0,0.3130808174610138,0.0,0.27034133672714233,0.0,0.3185167610645294,0.0,0.1595810055732727,0.5802210569381714,0.6600000262260437,0.0,0.0,0.0011358410120010376,0.0015575438737869263,0.20244894921779633,0.0,0.0,0.0,0.1322522759437561,0.2633810043334961
0.0,1.0,1.0,0.0,0.2903267443180084,0.0,0.0,0.6799013018608093,0.6799013018608093,0.6700024604797363,0.47300904989242554,0.0,0.0,0.04874269291758537,0.1094530001282692,0.0,0.0,0.0,0.0,0.6113305687904358,0.6113360524177551,0.06817606836557388,0.0,0.09201719768345357,0.0886775553226471,0.0,0.05179271101951599,0.0,0.19054487347602844,0.0,0.31788718700408936,0.0,0.27443021535873413,0.0,0.32328513264656067,0.0,0.16199052333831787,0.5910449028015137,0.6699987053871155,0.0,0.0,0.0011369585990905762,0.0015579164028167725,0.210061714053154,0.0,0.0,0.0,0.13424605131149292,0.2673611044883728
0.0,1.0,1.0,0.0,0.29456910490989685,0.0,0.0,0.6898999810218811,0.6899044513702393,0.6800026297569275,0.4800722002983093,0.0,0.0,0.05104343220591545,0.11267761141061783,0.0,0.0,0.0,0.0,0.6213322281837463,0.6213406920433044,0.06859198957681656,0.0,0.0933905939552933,0.09001195430755615,0.0,0.05257949233055115,0.0,0.19340664148330688,0.0,0.322695791721344,0.0,0.27851760387420654,0.0,0.32805949449539185,0.0,0.16440153121948242,0.60185307264328,0.6800011396408081,0.0,0.0,0.0011362135410308838,0.0015579164028167725,0.2176746279001236,0.0,0.0,0.0,0.13623535633087158,0.2713426947593689
0.0,1.0,1.0,0.0,0.2987980544567108,0.0,0.0,0.6999016404151917,0.6999001502990723,0.6899968385696411,0.4871293902397156,0.0,0.0,0.0533473901450634,0.115908183157444,0.0,0.0,0.0,0.0,0.6313244700431824,0.6313384175300598,0.06900826841592789,0.0,0.09476398357562721,0.09134486317634583,0.0,0.05336552858352661,0.0,0.19626542925834656,0.0,0.32750219106674194,0.0,0.2826094627380371,0.0,0.3328278660774231,0.0,0.16681253910064697,0.6126430034637451,0.6900013089179993,0.0,0.0,0.0011362135410308838,0.0015575438737869263,0.22528749704360962,0.0,0.0,0.0,0.13822615146636963,0.2753257751464844
0.0,1.0,1.0,0.0,0.3030374348163605,0.0,0.0,0.7099032402038574,0.7099002599716187,0.7000014781951904,0.4941895604133606,0.0,0.0,0.05565236136317253,0.11913760751485825,0.0,0.0,0.0,0.0,0.6413281559944153,0.641338586807251,0.06942436844110489,0.0,0.09613735989294947,0.0926777720451355,0.0,0.05415230989456177,0.0,0.19912570714950562,0.0,0.3323100507259369,0.0,0.2867013216018677,0.0,0.33760368824005127,0.0,0.16922354698181152,0.6234132051467896,0.6999984979629517,0.0,0.0,0.0011358410120010376,0.0015573576092720032,0.23290030658245087,0.0,0.0,0.0,0.14021843671798706,0.27930140495300293
0.0,1.0,1.0,0.0,0.307272344827652,0.0,0.0,0.7199019193649292,0.719897449016571,0.7099971175193787,0.501251220703125,0.0,0.0,0.057954590767621994,0.12236634641885757,0.0,0.0,0.0,0.0,0.6513262391090393,0.6513353586196899,0.06984028965234756,0.0,0.09751076946780086,0.09401217103004456,0.0,0.05493834614753723,0.0,0.20199045538902283,0.0,0.33711567521095276,0.0,0.2907902002334595,0.0,0.3423735499382019,0.0,0.17163604497909546,0.634162187576294,0.7100015878677368,0.0,0.0,0.0011358410120010376,0.0015582889318466187,0.2405131757259369,0.0,0.0,0.0,0.1422092318534851,0.283282995223999
0.0,1.0,1.0,0.0,0.31151172518730164,0.0,0.0,0.7299020886421204,0.7299035787582397,0.7200032472610474,0.50831139087677,0.0,0.0,0.060257069766521454,0.12559543550014496,0.0,0.0,0.0,0.0,0.661329984664917,0.6613389253616333,0.07025638967752457,0.0,0.09888415908813478,0.09534433484077454,0.0,0.055727362632751465,0.0,0.204849973320961,0.0,0.3419257700443268,0.0,0.29487907886505127,0.0,0.3471463918685913,0.0,0.17404705286026,0.6448902487754822,0.7200002670288086,0.0,0.0,0.0011354684829711914,0.0015586614608764648,0.2481260895729065,0.0,0.0,0.0,0.14419853687286377,0.2872645854949951
0.0,1.0,1.0,0.0,0.31574365496635437,0.0,0.0,0.7399007678031921,0.7399022579193115,0.7300019264221191,0.5153670907020569,0.0,0.0,0.06256747990846634,0.12882302701473236,0.0,0.0,0.0,0.0,0.6713301539421082,0.671338677406311,0.07067231088876724,0.0,0.10025753540545702,0.09667724370956421,0.0,0.05651414394378662,0.0,0.20771174132823944,0.0,0.34673213958740234,0.0,0.29896795749664307,0.0,0.3519192337989807,0.0,0.17646104097366333,0.6555889248847961,0.729999303817749,0.0,0.0,0.0011362135410308838,0.0015575438737869263,0.25573891401290894,0.0,0.0,0.0,0.14619231224060059,0.2912461459636688
0.0,1.0,1.0,0.0,0.3199875056743622,0.0,0.0,0.7499024271965027,0.7499024271965027,0.7400006055831909,0.5224317312240601,0.0,0.0,0.06486749649047852,0.13205662369728088,0.0,0.0,0.0,0.0,0.6813303232192993,0.6813325881958008,0.07108841091394424,0.0,0.10163093832880259,0.09801164269447327,0.0,0.0572986900806427,0.0,0.21057425439357758,0.0,0.3515399992465973,0.0,0.30305981636047363,0.0,0.3566935658454895,0.0,0.17887353897094727,0.6662648916244507,0.7399998903274536,0.0,0.0,0.0011362135410308838,0.0015579164028167725,0.26335176825523376,0.0,0.0,0.0,0.1481860876083374,0.2952292263507843
0.0,1.0,1.0,0.0,0.32422390580177307,0.0,0.0,0.7598996162414551,0.7599011063575745,0.7500022649765015,0.5294844508171082,0.0,0.0,0.0671682357788086,0.13528119027614594,0.0,0.0,0.0,0.0,0.6913304924964905,0.691336452960968,0.07150433212518692,0.0,0.1030043279491365,0.09934306144714355,0.0,0.05808696150779724,0.0,0.2134367674589157,0.0,0.35634860396385193,0.0,0.30714869499206543,0.0,0.3614664077758789,0.0,0.18128454685211182,0.676909863948822,0.7500015497207642,0.0,0.0,0.0011350959539413452,0.0015579164028167725,0.27096468210220337,0.0,0.0,0.0,0.15017390251159668,0.29920485615730286
0.0,1.0,1.0,0.0,0.3284543752670288,0.0,0.0,0.769902765750885,0.7698997855186462,0.7599994540214539,0.5365490913391113,0.0,0.0,0.06947169452905655,0.1385125070810318,0.0,0.0,0.0,0.0,0.7013254165649414,0.7013381123542786,0.07192043215036392,0.0,0.10437771091796458,0.10067671537399292,0.0,0.05887225270271301,0.0,0.21629630029201508,0.0,0.3611549735069275,0.0,0.311240553855896,0.0,0.36623626947402954,0.0,0.18369406461715698,0.6875270009040833,0.7600016593933105,0.0,0.0,0.001134723424911499,0.0015566125512123108,0.2785775363445282,0.0,0.0,0.0,0.15217065811157227,0.30318793654441833
0.0,1.0,1.0,0.0,0.33269375562667847,0.0,0.0,0.7798999547958374,0.7799029350280762,0.769999623298645,0.543607771396637,0.0,0.0,0.07178015261888504,0.14174121618270874,0.0,0.0,0.0,0.0,0.7113322615623474,0.7113423347473145,0.0723363533616066,0.0,0.10575111384131015,0.10201185941696167,0.0,0.05965828895568848,0.0,0.2191603034734726,0.0,0.36596134305000305,0.0,0.3153294324874878,0.0,0.37101060152053833,0.0,0.18610656261444092,0.6981101632118225,0.7699999809265137,0.0,0.0,0.0011362135410308838,0.001556985080242157,0.286190390586853,0.0,0.0,0.0,0.1541629433631897,0.30716654658317566
0.0,1.0,1.0,0.0,0.33692866563796997,0.0,0.0,0.789901614189148,0.7899001240730286,0.7799997925758362,0.550667941570282,0.0,0.0,0.07408211380243301,0.14497065544128418,0.0,0.0,0.0,0.0,0.7213294506072998,0.7213301062583923,0.07275209575891495,0.0,0.10712449681013823,0.10334402322769165,0.0,0.06044507026672363,0.0,0.22202059626579285,0.0,0.370769202709198,0.0,0.319419801235199,0.0,0.37578195333480835,0.0,0.18852055072784424,0.7086575031280518,0.7800019979476929,0.0,0.0,0.0011354684829711914,0.0015582889318466187,0.29380327463150024,0.0,0.0,0.0,0.15615075826644897,0.311145156621933
0.0,1.0,1.0,0.0,0.34116506576538086,0.0,0.0,0.7999017834663391,0.7999017834663391,0.7899999618530273,0.557728111743927,0.0,0.0,0.07639124244451523,0.14819751679897308,0.0,0.0,0.0,0.0,0.7313337922096252,0.7313370704650879,0.07316801697015762,0.0,0.10849788643047215,0.10467842221260071,0.0,0.061230361461639404,0.0,0.2248808741569519,0.0,0.37557780742645264,0.0,0.32350867986679077,0.0,0.38055479526519775,0.0,0.1909300684928894,0.7191706299781799,0.790000319480896,0.0,0.0,0.00113658607006073,0.0015573576092720032,0.3014160692691803,0.0,0.0,0.0,0.15814155340194702,0.3151267468929291
0.0,1.0,1.0,0.0,0.34540295600891113,0.0,0.0,0.8099004626274109,0.8099004626274109,0.7999986410140991,0.564788281917572,0.0,0.0,0.0786910429596901,0.15142659842967987,0.0,0.0,0.0,0.0,0.7413327693939209,0.7413357496261597,0.0735839381814003,0.0,0.10987127605080606,0.106009840965271,0.0,0.062018632888793945,0.0,0.22774487733840942,0.0,0.3803856670856476,0.0,0.32759755849838257,0.0,0.3853246569633484,0.0,0.19334256649017334,0.7296476364135742,0.7999993562698364,0.0,0.0,0.00113658607006073,0.0015579164028167725,0.3090289831161499,0.0,0.0,0.0,0.16013532876968384,0.31910833716392517
0.0,1.0,1.0,0.0,0.3496333956718445,0.0,0.0,0.8198976516723633,0.8199021220207214,0.8100003004074097,0.571848452091217,0.0,0.0,0.08099476248025894,0.15465866029262543,0.0,0.0,0.0,0.0,0.7513284683227539,0.7513359189033508,0.07399985939264297,0.0,0.11124467897415162,0.10734498500823975,0.0,0.06280392408370972,0.0,0.2306036651134491,0.0,0.38519352674484253,0.0,0.33168643712997437,0.0,0.3900974988937378,0.0,0.1957535743713379,0.7400829195976257,0.8099988102912903,0.0,0.0,0.0011362135410308838,0.001558847725391388,0.3166418671607971,0.0,0.0,0.0,0.1621246337890625,0.3230884373188019
0.0,1.0,1.0,0.0,0.3538742661476135,0.0,0.0,0.8299022912979126,0.8299008011817932,0.8200004696846008,0.5789041519165039,0.0,0.0,0.08329997211694717,0.15788514912128448,0.0,0.0,0.0,0.0,0.7613313794136047,0.7613388299942017,0.074415422976017,0.0,0.11261805529147387,0.10867640376091003,0.0,0.06359070539474487,0.0,0.23346766829490662,0.0,0.3899998962879181,0.0,0.33577829599380493,0.0,0.3948703408241272,0.0,0.1981675624847412,0.7504772543907166,0.8199993371963501,0.0,0.0,0.00113658607006073,0.001556985080242157,0.32425472140312195,0.0,0.0,0.0,0.1641198992729187,0.32707303762435913
0.0,1.0,1.0,0.0,0.35810768604278564,0.0,0.0,0.839899480342865,0.839899480342865,0.830000638961792,0.5859673023223877,0.0,0.0,0.08560609817504883,0.16111722588539124,0.0,0.0,0.0,0.0,0.771331787109375,0.7713347673416138,0.074831523001194,0.0,0.11399145821481943,0.11000856757164001,0.0,0.06437897682189941,0.0,0.23632794618606567,0.0,0.39480850100517273,0.0,0.3398701548576355,0.0,0.39964616298675537,0.0,0.2005741000175476,0.7608290910720825,0.8299999237060547,0.0,0.0,0.0011358410120010376,0.0015579164028167725,0.3318675458431244,0.0,0.0,0.0,0.16610771417617798,0.33105015754699707
0.0,1.0,1.0,0.0,0.36234408617019653,0.0,0.0,0.8499041199684143,0.8498996496200562,0.8399993181228638,0.5930304527282715,0.0,0.0,0.08790472894906998,0.16434508562088013,0.0,0.0,0.0,0.0,0.7813317179679871,0.7813379168510437,0.07524726539850235,0.0,0.11536484783515334,0.11134445667266846,0.0,0.06516575813293457,0.0,0.23918896913528442,0.0,0.3996141254901886,0.0,0.34395307302474976,0.0,0.4044145345687866,0.0,0.20298510789871216,0.7711365818977356,0.8399993181228638,0.0,0.0,0.0011362135410308838,0.001559033989906311,0.3394804000854492,0.0,0.0,0.0,0.16810297966003418,0.33503174781799316
0.0,1.0,1.0,0.0,0.3665804862976074,0.0,0.0,0.8599057793617249,0.8599013090133667,0.8499994874000549,0.6000876426696777,0.0,0.0,0.09021411091089249,0.1675771325826645,0.0,0.0,0.0,0.0,0.7913251519203186,0.7913423180580139,0.0756630077958107,0.0,0.11673823745548725,0.11267811059951782,0.0,0.06595253944396973,0.0,0.24204999208450317,0.0,0.40442198514938354,0.0,0.3480449318885803,0.0,0.40918588638305664,0.0,0.20539909601211548,0.781394898891449,0.8499998450279236,0.0,0.0,0.0011350959539413452,0.0015582889318466187,0.3470933139324188,0.0,0.0,0.0,0.1700952649116516,0.3390088677406311
0.0,1.0,1.0,0.0,0.3708183765411377,0.0,0.0,0.8699029684066772,0.8699014782905579,0.8599996566772461,0.6071463227272034,0.0,0.0,0.09251783043146133,0.17080555856227875,0.0,0.0,0.0,0.0,0.8013278245925903,0.8013282418251038,0.07607892900705338,0.0,0.11811161377280952,0.1140102744102478,0.0,0.06673857569694519,0.0,0.244913250207901,0.0,0.4092290997505188,0.0,0.3521367907524109,0.0,0.41395872831344604,0.0,0.20781159400939941,0.7916055917739868,0.8600003719329834,0.0,0.0,0.001134723424911499,0.0015582889318466187,0.35470613837242126,0.0,0.0,0.0,0.17208904027938843,0.34299343824386597
0.0,1.0,1.0,0.0,0.3750547766685486,0.0,0.0,0.8798986673355103,0.8799001574516296,0.8699953556060791,0.6142079830169678,0.0,0.0,0.09482036530971527,0.17403165996074677,0.0,0.0,0.0,0.0,0.8113309741020203,0.8113412261009216,0.0764944925904274,0.0,0.11948501669615508,0.11534541845321655,0.0,0.06752461194992065,0.0,0.24777352809906006,0.0,0.41403621435165405,0.0,0.35622715950012207,0.0,0.4187345504760742,0.0,0.21022260189056396,0.8017666339874268,0.8700013160705566,0.0,0.0,0.0011358410120010376,0.0015579164028167725,0.3623189926147461,0.0,0.0,0.0,0.17407983541488647,0.3469720482826233
0.0,1.0,1.0,0.0,0.3792911767959595,0.0,0.0,0.8898988366127014,0.889897346496582,0.8799999952316284,0.6212666630744934,0.0,0.0,0.09712259471416473,0.17726372182369232,0.0,0.0,0.0,0.0,0.8213311433792114,0.8213400840759277,0.07691005617380142,0.0,0.12085841961950064,0.11667683720588684,0.0,0.0683128833770752,0.0,0.2506360411643982,0.0,0.4188433289527893,0.0,0.36031603813171387,0.0,0.42350590229034424,0.0,0.2126350998878479,0.8118752241134644,0.8799992799758911,0.0,0.0,0.00113658607006073,0.0015579164028167725,0.3699318468570709,0.0,0.0,0.0,0.17607063055038452,0.3509536385536194
0.0,1.0,1.0,0.0,0.38352757692337036,0.0,0.0,0.8999019861221313,0.899900496006012,0.8900001645088196,0.6283208727836609,0.0,0.0,0.09942781180143356,0.1804928034543991,0.0,0.0,0.0,0.0,0.8313298225402832,0.8313286900520325,0.07732579857110977,0.0,0.1222317959368229,0.1180104911327362,0.0,0.06909966468811035,0.0,0.25349631905555725,0.0,0.42365193367004395,0.0,0.36440491676330566,0.0,0.428280234336853,0.0,0.21504461765289307,0.8219268321990967,0.8899990320205688,0.0,0.0,0.0011358410120010376,0.0015582889318466187,0.37754467129707336,0.0,0.0,0.0,0.1780584454536438,0.3549352288246155
0.0,1.0,1.0,0.0,0.3877609968185425,0.0,0.0,0.9099007248878479,0.9099007248878479,0.9000018239021301,0.6353870630264282,0.0,0.0,0.10173270851373672,0.1837203949689865,0.0,0.0,0.0,0.0,0.8413270115852356,0.8413373231887817,0.07774171978235245,0.0,0.12360519886016846,0.11934414505958557,0.0,0.06988644599914551,0.0,0.25636032223701477,0.0,0.4284597933292389,0.0,0.3684982657432556,0.0,0.43305307626724243,0.0,0.21745413541793823,0.8319258689880371,0.900001049041748,0.0,0.0,0.0011354684829711914,0.0015575438737869263,0.38515761494636536,0.0,0.0,0.0,0.1800537109375,0.3589123487472534
0.0,1.0,1.0,0.0,0.39200037717819214,0.0,0.0,0.9199008345603943,0.9199038147926331,0.9100005626678467,0.6424457430839539,0.0,0.0,0.10403642803430557,0.1869479864835739,0.0,0.0,0.0,0.0,0.8513330221176147,0.8513361215591431,0.07815692573785782,0.0,0.12497858848050238,0.12067705392837524,0.0,0.07067173719406128,0.0,0.25922060012817383,0.0,0.43326690793037415,0.0,0.372585654258728,0.0,0.4378214478492737,0.0,0.21986514329910278,0.8418645858764648,0.9100013375282288,0.0,0.0,0.0011354684829711914,0.0015579164028167725,0.3927704393863678,0.0,0.0,0.0,0.18204152584075928,0.3628939390182495
0.0,1.0,1.0,0.0,0.39623528718948364,0.0,0.0,0.9299010038375854,0.9299024939537048,0.9199976921081543,0.6495088934898376,0.0,0.0,0.1063389778137207,0.1901770681142807,0.0,0.0,0.0,0.0,0.8613303303718567,0.8613348007202148,0.07857266813516617,0.0,0.12635196479782462,0.12201070785522461,0.0,0.07145851850509644,0.0,0.2620801329612732,0.0,0.4380740225315094,0.0,0.3766745328903198,0.0,0.44259577989578247,0.0,0.2222806215286255,0.8517436981201172,0.9199999570846558,0.0,0.0,0.001134723424911499,0.0015582889318466187,0.40038326382637024,0.0,0.0,0.0,0.18403977155685425,0.3668785095214844
0.0,1.0,1.0,0.0,0.4004672169685364,0.0,0.0,0.939902663230896,0.9399011731147766,0.9299993515014648,0.6565660834312439,0.0,0.0,0.10864121466875076,0.19340316951274872,0.0,0.0,0.0,0.0,0.8713318705558777,0.8713393211364746,0.07898841053247452,0.0,0.12772536772117019,0.12334287166595459,0.0,0.07224529981613159,0.0,0.26494264602661133,0.0,0.44288188219070435,0.0,0.3807663917541504,0.0,0.4473656415939331,0.0,0.22469013929367065,0.8615583181381226,0.9300000667572021,0.0,0.0,0.0011358410120010376,0.0015582889318466187,0.40799611806869507,0.0,0.0,0.0,0.1860305666923523,0.3708556294441223
0.0,1.0,1.0,0.0,0.40470659732818604,0.0,0.0,0.9499013423919678,0.9499028325080872,0.9400010108947754,0.6636262536048889,0.0,0.0,0.1109490767121315,0.1966341882944107,0.0,0.0,0.0,0.0,0.8813321590423584,0.8813351392745972,0.07940415292978287,0.0,0.1290987573415041,0.12467727065086365,0.0,0.07303208112716675,0.0,0.26780515909194946,0.0,0.4476889967918396,0.0,0.3848522901535034,0.0,0.45214295387268066,0.0,0.2271026372909546,0.8713111281394958,0.9400010108947754,0.0,0.0,0.0011362135410308838,0.0015567988157272339,0.4156090021133423,0.0,0.0,0.0,0.18802285194396973,0.37483274936676025
0.0,1.0,1.0,0.0,0.4089444875717163,0.0,0.0,0.9599000215530396,0.9599000215530396,0.9499996900558472,0.6706864237785339,0.0,0.0,0.11325661092996597,0.1998678594827652,0.0,0.0,0.0,0.0,0.8913337588310242,0.8913295269012451,0.07981953769922256,0.0,0.13047213365882634,0.12600943446159363,0.0,0.07381811738014221,0.0,0.2706676721572876,0.0,0.45249462127685547,0.0,0.388944149017334,0.0,0.45690983533859253,0.0,0.22951513528823853,0.8809980154037476,0.9500004053115845,0.0,0.0,0.0011350959539413452,0.0015575438737869263,0.42322179675102234,0.0,0.0,0.0,0.19001364707946777,0.3788173198699951
0.0,1.0,1.0,0.0,0.4131779074668884,0.0,0.0,0.9699016809463501,0.9699031710624695,0.9600013494491577,0.6777436137199402,0.0,0.0,0.11555800586938858,0.20309041440486908,0.0,0.0,0.0,0.0,0.9013324975967407,0.9013354778289795,0.08023474365472794,0.0,0.13184553658217193,0.1273423433303833,0.0,0.07460638880729675,0.0,0.27352795004844666,0.0,0.4573039710521698,0.0,0.39303749799728394,0.0,0.4616856575012207,0.0,0.2319246530532837,0.8906144499778748,0.9600013494491577,0.0,0.0,0.0011358410120010376,0.0015579164028167725,0.43083471059799194,0.0,0.0,0.0,0.19200146198272705,0.38279592990875244
0.0,1.0,1.0,0.0,0.4174143075942993,0.0,0.0,0.9799003601074219,0.9799003601074219,0.9700000286102295,0.6848052740097046,0.0,0.0,0.11786850541830063,0.20632395148277283,0.0,0.0,0.0,0.0,0.9113297462463379,0.9113401770591736,0.08065066486597061,0.0,0.13321892620250583,0.12867823243141174,0.0,0.07539018988609314,0.0,0.2763882279396057,0.0,0.46211183071136475,0.0,0.39712488651275635,0.0,0.4664599895477295,0.0,0.234338641166687,0.9001627564430237,0.9700015187263489,0.0,0.0,0.0011369585990905762,0.0015573576092720032,0.4384476840496063,0.0,0.0,0.0,0.19399374723434448,0.38677603006362915
0.0,1.0,1.0,0.0,0.4216521978378296,0.0,0.0,0.9898990392684937,0.9899020195007324,0.9800031781196594,0.6918654441833496,0.0,0.0,0.12016923725605011,0.20955005288124084,0.0,0.0,0.0,0.0,0.9213239550590515,0.9213358163833618,0.08106622844934464,0.0,0.13459231582283973,0.13001039624214172,0.0,0.0761769711971283,0.0,0.27925074100494385,0.0,0.4669189453125,0.0,0.4012167453765869,0.0,0.4712328314781189,0.0,0.23674815893173218,0.9096384644508362,0.9800001978874207,0.0,0.0,0.0011369585990905762,0.0015575438737869263,0.446060448884964,0.0,0.0,0.0,0.1959875226020813,0.390760600566864
0.0,1.0,1.0,0.0,0.4258871078491211,0.0,0.0,0.9998977184295654,1.0,0.9899988770484924,0.6989285945892334,0.0,0.0,0.12246916443109512,0.2127821147441864,0.0,0.0,0.0,0.0,0.9313315153121948,0.9313404560089111,0.08148161321878433,0.0,0.13596570544317366,0.13134479522705078,0.0,0.07696300745010376,0.0,0.282113254070282,0.0,0.47172755002975464,0.0,0.4053056240081787,0.0,0.47600269317626953,0.0,0.23915618658065796,0.9190384149551392,0.9900007247924805,0.0,0.0,0.0011362135410308838,0.001556985080242157,0.45367327332496643,0.0,0.0,0.0,0.1979827880859375,0.39473921060562134
0.0,1.0,1.0,0.0,0.4301220178604126,0.0,0.0,1.0,1.0,1.0,0.7059828042984009,0.0,0.0,0.1247699037194252,0.2160097062587738,0.0,0.0,0.0,0.0,0.9413301944732666,0.941331684589386,0.08189717680215836,0.0,0.13733909506350755,0.13267621397972107,0.0,0.0777512788772583,0.0,0.28497427701950073,0.0,0.4765324294567108,0.0,0.40939152240753174,0.0,0.48077404499053955,0.0,0.24157315492630005,0.9283609390258789,1.0,0.0,0.0,0.0011354684829711914,0.0015577301383018494,0.46128615736961365,0.0,0.0,0.0,0.1999691128730774,0.39872080087661743
