Basis,Shrinkwrap,adjustments,brow_center_DN,brow_center_UP,brow_inner_DN.L,brow_inner_DN.R,brow_inner_UP.L,brow_inner_UP.R,brow_outer_DN.L,brow_outer_DN.R,brow_outer_UP.L,brow_outer_up.R,eye-blink.LO.L,eye-blink.LO.R,eye-blink.UP.L,eye-blink.UP.R,eye-flare.LO.L,eye-flare.LO.R,eye-flare.UP.L,eye-flare.UP.R,eyes-look.dn,eyes-look.up,jaw,lip-DN.C.DN,lip-DN.C.UP,lip-DN.L.DN,lip-DN.L.UP,lip-DN.R.DN,lip-JAW.DN,lip-UP.C.DN,lip-UP.C.UP,lip-UP.L.DN,lip-UP.L.UP,lip-UP.R.DN,lip-UP.R.UP,lip.DN.R.UP,lips-frown.L,lips-frown.R,lips-narrow.L,lips-narrow.R,lips-smile.L,lips-smile.R,lips-wide.L,lips-wide.R,sneer.L,sneer.R,wince.L,wince.R
0,0,1,0,0.0065028667,0,0,0,0.0099018216,0,0,0,0,0,0,0,0,0.0036146832,0.0036177207,0.0030670816,0.0030669558,0.4719998837,0.2241718173,0,0,0.0006519258,0.000911206,0,0,0,0,0.0004187226,0,0.0035345554,0,0.0004157424,0.0011794269,0,0,0,0,0.0035652891,0.0059615821,0,0,0,0,0,0
0,0,1,0,0.0064194202,0,0,0,0.0099003315,0,0,0,0,0,0,0,0,0.003158889,0.003166389,0.0030726683,0.0030755496,0.4719998837,0.2241923213,0.0027113866,0,0.0008434057,0.0015191734,0,0,0,0,0.0002071261,0,0.0035315752,0,0.0001385808,0.0015199184,0,0,0,0,0.0035647303,0.0059606507,0,0.0001106758,0.0005498528,0.0006124377,0.0004738569,0.0007435679
0,0,1,0,0.0061571598,0,0,0,0.0099018216,0,0,0,0,0,0,0,0,0.0017644935,0.001763041,0.0030913618,0.0030912622,0.4719998837,0.2242545485,0.0109490088,0,0.0014230609,0.0033572316,0,0,0,0.0004336238,0,0,0.0035241246,0.0007048249,0,0.0025488436,0,0,0,0,0.0035649166,0.0059612095,0,0.0004449259,0.0022172928,0.0024750829,0.0019147992,0.0029981136
0,0,1,0,0.0057116151,0,0,0,0.0099018216,0,0,0,0,0.0005853148,0.0005807914,0,0,0,0,0.0030762304,0.0030820952,0.4719998837,0.2243599892,0.024840855,0,0.0023938715,0.0064328313,0,0,0,0.0015154481,0,0,0.0035002828,0.0021308661,0,0.0042721629,0,0,0,0,0.0035660341,0.0059619546,0,0.0010045836,0.0050067902,0.0055789948,0.0043198466,0.0067710876
0,0,1,0,0.005069375,0,0,0,0.0099003315,0,0,0,0,0.0038400507,0.0038281057,0,0,0,0,0.0030188162,0.0030187685,0.4719998837,0.224509716,0.0444687586,0,0.0037513673,0.0107422471,0,0,0,0.003054738,0,0,0.0034511089,0.0041514635,0,0.006686151,0.0001639128,0,0,0,0.0035658479,0.0059619546,0,0.001789048,0.0089198351,0.009945035,0.0077009201,0.0120550394
0,0,1,0,0.0042244792,0,0,0,0.0099003315,0,0,0,0,0.0078539103,0.0078494241,0,0,0,0,0.0028628025,0.0028672498,0.4719998837,0.224704504,0.0698547993,0,0.0054940581,0.0162675977,0,0,0,0.0050485134,0,0,0.003361702,0.0067666173,0,0.0097833574,0.0002596527,0,0,0,0.0035654753,0.0059619546,0,0.0027947081,0.0139310956,0.0155299902,0.0120297074,0.0188305974
0,0,1,0,0.0031620264,0,0,0,0.0099018216,0,0,0,0,0.012427141,0.0124315657,0,0,0,0,0.0025783479,0.0025798222,0.4719998837,0.2249445319,0.1009467844,0,0.0076070428,0.0229671597,0,0,0,0.0075086951,0,0,0.0032275915,0.0099763274,0,0.0135369599,0.0003762543,0,0.0001212763,0,0.0035669655,0.0059617683,0,0.0040143537,0.020006299,0.0223115087,0.0172793865,0.0270485878
0,0,1,0,0.0018835068,0,0,0,0.0099018216,0,0,0,0,0.0172793772,0.0172704104,0,0,0,0,0.0021261794,0.0021351278,0.4719998837,0.2252292037,0.1376037319,0,0.0100709498,0.0307820737,0,0,0,0.0104233623,0,0,0.0030264258,0.0137686729,0,0.0179179013,0.0005163252,0,0.0002001652,0,0.0035664067,0.0059617683,0,0.0054366165,0.0270947814,0.0302106142,0.0234022737,0.0366345048
0,0,1,0,0.0003859401,0,0,0,0.0099003315,0,0,0,0,0.0221061297,0.022100186,0,0,0,0,0.0014906764,0.0014966713,0.4719998837,0.2255577445,0.1795827288,0,0.0128574669,0.0396221876,0,0,0,0.0137805939,0,0,0.0027447939,0.0181257725,0,0.0228695571,0.0006765127,0,0.0003100111,0,0.0035651028,0.0059626997,0,0.0070455195,0.0351175666,0.0391557813,0.0303268433,0.0474750996
0,0,1,0.0013366342,0,0,0,0,0.0099018216,0,0,0,0,0.0266342647,0.026631318,0,0,0,0,0.0006510259,0.0006510927,0.4719998837,0.225927949,0.2265292697,0,0.0159338117,0.0493727624,0,0,0,0.017568469,0,0,0.0023707747,0.0230118632,0,0.0283330679,0.0008627772,0,0.0004570283,0,0.0035658479,0.0059606507,0,0.0088202013,0.0439614058,0.0490143895,0.0379636884,0.059427321
0,0,1,0.0032752752,0,0,0,0,0.0098988414,0,0,0,0,0.0306718834,0.0306690335,0.0007098056,0.0007172087,0,0,0,0,0.4719998837,0.2263370156,0.2779724415,0,0.01924932,0.0598937273,0,0,0,0.0217422843,0,0,0.0018909574,0.0283837318,0,0.0342264771,0.001071766,0,0.0006475508,0,0.0035652891,0.0059612095,0,0.0107349148,0.0535070896,0.0596553087,0.046209991,0.0723317266
0,0,1,0.0054314733,0,0,0,0,0.0099048018,0,0,0,0,0.034088593,0.03408565,0.0020644353,0.0020629093,0,0,0,0,0.4719998837,0.2267816067,0.333327284,0,0.0227563083,0.0710144639,0,0,0,0.0262752175,0,0,0.0012800097,0.0341847539,0,0.040461123,0.0013045967,0,0.0008878109,0,0.0035656616,0.0059617683,0,0.0127593372,0.0635936856,0.0709071755,0.0549167395,0.0859722495
0,0,1,0.0077858567,0,0,0,0,0.0099048018,0,0,0,0,0.0368231386,0.0368231684,0.0035915088,0.0035870103,0,0,0,0,0.4719998837,0.2272570729,0.3919057922,0,0.0263951719,0.082552433,0,0,0,0.0311166048,0,0,0.0005304813,0.0403568149,0,0.0469237566,0.0015623868,0,0.0011836903,0,0.0035651028,0.0059628859,0,0.0148592824,0.0740647316,0.0825747848,0.0639602542,0.1001238823
0,0,1,0.0103324652,0,0,0,0,0.0099003315,0,0,0,0,0.0391617231,0.0391587652,0.0052805687,0.0052775824,0,0,0,0,0.4719998837,0.2277582288,0.4529359921,0,0.0300981104,0.0943034887,0,0,0,0.0362157822,0,0.0003755093,0,0.0468075275,0,0.0535070896,0.0018421561,0,0.0015404632,0,0.0035667792,0.0059617683,0,0.0169977341,0.0847235322,0.0944584608,0.0731647015,0.1145303249
0,0,1,0.0130429864,0,0,0,0,0.0099003315,0,0,0,0,0.0413754135,0.0413739085,0.0072211982,0.0072212103,0,0,0,0,0.4719998837,0.2282793522,0.5155883347,0,0.0338040292,0.1060508192,0,0,0,0.0415086746,0,0.0014483929,0,0.0534668565,0,0.0600904226,0.0021494925,0,0.0019625616,0,0.0035656616,0.0059619546,0,0.0191361848,0.0953823328,0.1063391566,0.0823691487,0.128942728
0,0,1,0.0159084797,0,0,0,0,0.0098973513,0,0,0,0,0.0434730537,0.0434715524,0.0095579745,0.0095520569,0,0,0,0,0.4719998837,0.2288145423,0.5790082611,0,0.0374421477,0.1175880432,0,0,0,0.0469282269,0,0.0026926398,0,0.0602439046,0,0.0665552914,0.0024806708,0,0.00245339,0,0.0035660341,0.0059625134,0,0.0212361272,0.1058489084,0.1180112362,0.0914052129,0.1430884004
0,0,1,0.0188991427,0,0,0,0,0.0099033117,0,0,0,0,0.045451358,0.0454468392,0.0122793037,0.0122793093,0,0,0,0,0.4719998837,0.2293576598,0.6423486887,0,0.0409476459,0.128711015,0,0,0,0.0524282455,0,0.004118681,0,0.0670567155,0,0.0727877021,0.002836436,0,0.0030152081,0,0.0035641715,0.0059613958,0,0.0232605543,0.1159399748,0.1292616129,0.1001194119,0.1567333937
0,0,1,0.0219985843,0,0,0,0,0.0099018216,0,0,0,0,0.0472923443,0.0472894125,0.0154164331,0.0154121025,0,0,0,0,0.4719998837,0.2299027443,0.7048021779,0,0.0442653894,0.1392319798,0,0,0,0.0579312444,0,0.0057265162,0,0.0738203526,0,0.0786826015,0.0032186508,0,0.00364909,0,0.0035671517,0.0059630722,0,0.0251752641,0.1254856586,0.1398980618,0.1083642244,0.1696333289
0,0,1,0.025177002,0,0,0,0,0.0098973513,0,0,0,0,0.0490068644,0.049006734,0.0189619139,0.0189619828,0,0,0,0,0.4719998837,0.2304441333,0.7656275381,0,0.0473387539,0.1489810646,0,0,0,0.0633895397,0,0.0075206161,0,0.0804647803,0,0.0841476023,0.003625825,0,0.0043549757,0,0.003567338,0.0059621409,0,0.026949944,0.1343309879,0.1497611403,0.1160025597,0.1815885305
0,0,1,0.0284165144,0,0,0,0,0.0099003315,0,0,0,0,0.0505962558,0.0505946018,0.0229229275,0.0229200367,0,0,0,0,0.4719998837,0.2309769988,0.8241695693,0,0.0501275063,0.1578204334,0,0,0,0.0687435269,0,0.0094905496,0,0.0869125128,0,0.0891000032,0.0040598214,0,0.0051317709,0,0.0035652891,0.0059606507,0,0.0285588466,0.1423478127,0.1587048173,0.1229271293,0.1924291253
0,0,1,0.0317007303,0,0,0,0,0.0099018216,0,0,0,0,0.0520595573,0.0520638227,0.0272931252,0.0272902623,0,0,0,0,0.4719998837,0.2314968109,0.8798702902,0,0.0525906682,0.1656331122,0,0,0,0.0739559531,0,0.0116363168,0,0.0931173563,0,0.0934787095,0.0045180321,0,0.0059775077,0,0.003564544,0.0059610233,0,0.0299811102,0.1494348049,0.1666083932,0.1290470362,0.2020150423
0,0,1,0.0349953771,0,0,0,0,0.0099018216,0,0,0,0,0.0534047969,0.0534001067,0.0320540518,0.0320513658,0,0,0,0,0.4719998837,0.2319997549,0.9322738862,0,0.0547029078,0.1723349094,0,0,0,0.078985095,0,0.013948977,0,0.0990241766,0,0.097232312,0.0050012022,0,0.0068895197,0,0.0035669655,0.0059625134,0,0.0312007591,0.1555159688,0.1733869314,0.1342967153,0.2102345079
0,0,1,0.0383034348,0,0,0,0,0.0098988414,0,0,0,0,0.0546400212,0.054642681,0.0371827222,0.0371902548,0,0,0,0,0.4719998837,0.2324827909,0.9810238898,0,0.0564463437,0.177859515,0,0,0,0.08379668,0,0.0164240599,0,0.1045957208,0,0.1003280282,0.0055104494,0,0.0078646317,0,0.0035649166,0.0059617683,0,0.0322064124,0.1605287194,0.1789718866,0.1386284828,0.2170041054
0,0,1,0.0415921211,0,0,0,0,0.0098988414,0,0,0,0,0.0557710044,0.0557676852,0.0426703356,0.0426660739,0,0,0,0,0.4719998837,0.2329435945,1,0,0.0578045845,0.1821704209,0,0,0,0.0883728266,0,0.0190526247,0,0.1097977161,0,0.1027435064,0.006043911,0,0.0088993292,0,0.0035658479,0.0059628859,0,0.032990884,0.1644417644,0.1833334565,0.1420080662,0.2222955227
0,0,1,0.0448599458,0,0,0,0,0.0099033117,0,0,0,0,0.0568093024,0.0568059906,0.048456382,0.0484509841,0,0,0,0,0.4719998837,0.2333803177,1,0,0.058773905,0.1852460206,0,0,0,0.0926926732,0,0.0218197703,0,0.1146167517,0,0.1044668257,0.0066034496,0,0.0099899089,0,0.0035654753,0.0059617683,0,0.0335505418,0.1672253013,0.186444819,0.1444160938,0.2260640264
0,0,1,0.048096478,0,0,0,0,0.0099018216,0,0,0,0,0.0577781349,0.0577717945,0.0544999391,0.0544944443,0,0,0,0,0.4719998837,0.2337915897,1,0,0.0593543053,0.1870833337,0,0,0,0.0967413187,0,0.0247180462,0,0.1190379262,0,0.1054957509,0.0071883202,0,0.0111326091,0,0.0035664067,0.0059626997,0,0.0338847861,0.1688912511,0.1883000135,0.1458540559,0.2283170819
0,0,1,0.0512912869,0,0,0,0,0.0099018216,0,0,0,0,0.0586909987,0.0586888641,0.060756918,0.0607529245,0,0,0,0,0.4719998837,0.2341768742,1,0,0.0595457852,0.1876890659,0,0,0,0.1005187631,0,0.0277414918,0,0.1230552793,0,0.1058369875,0.0077970326,0,0.0123237008,0,0.0035660341,0.0059612095,0,0.0339954644,0.1694425941,0.1889199018,0.1463294029,0.22906214
0,0,1,0.0544980168,0,0,0,0,0.0099018216,0,0,0,0,0.0595634617,0.0595642887,0.0671647266,0.0671592578,0,0,0,0,0.4719998837,0.2345500588,1,0,0.0591509044,0.1875177026,0,0,0,0.1042112708,0,0.0309765339,0,0.1268923283,0,0.1055702567,0.0084295869,0,0.0136490604,0,0.0035664067,0.0059626997,0,0.0339296572,0.1694247127,0.1888930798,0.1463279128,0.2289742231
0,0,1,0.057798624,0,0,0,0,0.0099003315,0,0,0,0,0.0604244918,0.0604226217,0.0736610442,0.073654376,0,0,0,0,0.4719998837,0.2349258065,1,0,0.0579603016,0.1870036125,0,0,0,0.1080170274,0,0.0345185399,0,0.1307845116,0,0.1047648489,0.009085983,0,0.0151978778,0,0.0035660341,0.0059615821,0,0.0337313339,0.1693561673,0.1888170838,0.1463279128,0.2287089825
0,0,1,0.061185658,0,0,0,0,0.0099018216,0,0,0,0,0.0612849742,0.0612812191,0.0801825523,0.0801786855,0,0,0,0,0.4719998837,0.235303998,1,0,0.0559695065,0.1861423254,0,0,0,0.1119375229,0,0.0383704901,0,0.1347258687,0,0.1034207642,0.009765476,0,0.0169709362,0,0.0035667792,0.0059625134,0,0.0333993956,0.1692518592,0.1887008548,0.1463279128,0.2282634377
0,0,1,0.0646680593,0,0,0,0,0.0099018216,0,0,0,0,0.0621635765,0.0621616393,0.0866808966,0.0866785422,0,0,0,0,0.4719998837,0.2356844544,1,0,0.0531688333,0.1849330962,0,0,0,0.1159697771,0,0.042527914,0,0.1387134194,0,0.1015327871,0.0104680657,0,0.0189682227,0,0.0035652891,0.0059625134,0,0.0329331681,0.1691028476,0.1885339618,0.1463249326,0.2276346087
0,0,1,0.0682324171,0,0,0,0,0.0099003315,0,0,0,0,0.0630774572,0.0630753934,0.0931010991,0.0931002796,0,0,0,0,0.4719998837,0.2360672951,1,0,0.0495642424,0.1833729446,0,0,0,0.1201048493,0,0.0469923019,0,0.1427412033,0,0.0991009176,0.0111907721,0,0.0211887937,0,0.0035649166,0.0059615821,0,0.0323324539,0.1689091325,0.1883208752,0.1463189721,0.2268180251
0,0,1,0.0718861818,0,0,0,0,0.0098973513,0,0,0,0,0.0640407279,0.0640343502,0.0994015411,0.0993992537,0,0,0,0,0.4719998837,0.2364522815,1,0,0.0451542437,0.1814641058,0,0,0,0.1243412495,0,0.0517517328,0,0.1468107104,0,0.0961221755,0.0119358301,0,0.0236306768,0,0.0035641715,0.0059610233,0,0.0315976031,0.1686796546,0.1880660653,0.1463159919,0.2258196473
0,0,1,0.0756278634,0,0,0,0,0.0099018216,0,0,0,0,0.0650615543,0.0650533885,0.1055360064,0.105531089,0,0,0,0,0.4719998837,0.2368391752,1,0,0.0399410725,0.1792035997,0,0,0,0.1286774874,0,0.0568062067,0,0.15091151,0,0.0925980508,0.0127006322,0.0001285225,0.0262907296,0,0.0035658479,0.0059638172,0,0.0307295788,0.1684144139,0.1877620816,0.1463100314,0.2246305346
0,0,1,0.0794604421,0,0,0,0,0.0099048018,0,0,0,0,0.0661438629,0.066144608,0.1114702523,0.1114680171,0,0,0,0,0.4719998837,0.2372279763,1,0,0.03394261,0.1765981317,0,0,0,0.1331016421,0,0.0621497631,0,0.1550391316,0,0.0885307789,0.0134855509,0.0001691282,0.0291645154,0,0.003567338,0.0059623271,0,0.0297300555,0.1680985093,0.1874163747,0.1462981105,0.2232566476
0,0,1,0.0833854079,0,0,0,0,0.0099003315,0,0,0,0,0.067310147,0.0673064664,0.1171819493,0.1171808988,0,0,0,0,0.4719998837,0.2376183271,1,0,0.0271685421,0.1736439764,0,0,0,0.1376062632,0,0.0677645206,0,0.1591846347,0,0.0839263201,0.0142894685,0.0002153218,0.0322461911,0,0.0035675243,0.0059619546,0,0.028601449,0.1677513123,0.1870304346,0.1462772489,0.2216979861
0,0,1,0.0873863697,0,0,0,0,0.0099003315,0,0,0,0,0.0685559735,0.0685506761,0.122650221,0.1226480678,0,0,0,0,0.4719998837,0.2380103469,1,0,0.0196397305,0.1703523099,0,0,0,0.1421928406,0,0.073646009,0,0.1633435488,0,0.0787876546,0.0151105225,0.0002667308,0.0355283804,0,0.0035647303,0.0059612095,0,0.0273470394,0.1673683524,0.186599791,0.1462593675,0.2199530452
0,0,1,0.0914752483,0,0,0,0,0.0099018216,0,0,0,0,0.0698812455,0.0698788017,0.1278614402,0.127860412,0,0,0,0,0.4719998837,0.2384033203,1,0,0.0113815069,0.166721642,0,0,0,0.1468360424,0,0.0797748566,0,0.1675099134,0,0.0731222332,0.0159502029,0.0003241003,0.0390020981,0,0.0035656616,0.0059630722,0,0.0259709917,0.1669451594,0.1861289144,0.1462325454,0.2180278152
0,0,1,0.095641613,0,0,0,0,0.0099018216,0,0,0,0,0.0712976977,0.0712923184,0.1327983886,0.1327896714,0,0,0,0,0.4719998837,0.2387974262,1,0,0.0024214387,0.1627586782,0,0,0,0.151540339,0,0.086133182,0,0.1716777682,0,0.0669412315,0.0168029219,0.0003878027,0.042656634,0,0.0035665929,0.0059619546,0,0.0244784262,0.1664862037,0.1856178045,0.1462072134,0.2159193009
0,0,1,0.0998809934,0,0,0,0,0.0099003315,0,0,0,0,0.0727996081,0.0727927312,0.137462765,0.1374592036,0,0,0,0,0.4719998837,0.2391919494,1,0.0071980059,0,0.1584768295,0,0,0,0.1562789083,0,0.0927090645,0,0.1758247614,0,0.0602565706,0.0176738948,0.0004548579,0.0464795083,0,0.0035660341,0.0059617683,0,0.0228754673,0.1659914851,0.1850619912,0.1461699605,0.2136424035
0,0,1,0.1041904092,0,0,0,0,0.0099003315,0,0,0,0,0.0743746981,0.0743737444,0.1420499384,0.142049402,0,0,0,0,0.4719998837,0.2395869493,1,0.0174388289,0,0.1538790762,0,0,0,0.1610532403,0,0.0994697213,0,0.1799538732,0,0.0530846417,0.0185560435,0.0005289912,0.0504564568,0,0.0035654753,0.0059626997,0,0.0211692676,0.1654595137,0.1844763756,0.1461178064,0.2112001032
0,0,1,0.1085743308,0,0,0,0,0.0099003315,0,0,0,0,0.076009497,0.0760070384,0.1467584521,0.1467589885,0,0,0,0,0.4719998837,0.2399819493,1,0.0282503664,0,0.148974359,0,0,0,0.165836513,0,0.1063928008,0,0.1840487123,0,0.0454381108,0.0194527209,0.0006087124,0.0545714237,0,0.0035647303,0.0059623271,0,0.0193679985,0.16489923,0.1838460565,0.1460716128,0.2085953802
0,0,1,0.1130104065,0,0,0,0,0.0098988414,0,0,0,0,0.0776866525,0.0776856467,0.151584059,0.1515865475,0,0,0,0,0.4719998837,0.2403765321,1,0.0395789742,0,0.1437842846,0,0,0,0.1706302166,0,0.113452971,0,0.1880973577,0,0.0373363495,0.0203609467,0.0006914139,0.0588066019,0,0.0035647303,0.0059613958,0,0.0174808614,0.1643016934,0.1831784844,0.1460075378,0.2058446258
0,0,1,0.1175090671,0,0,0,0,0.0099033117,0,0,0,0,0.0794260278,0.0794238374,0.1565247923,0.1565273106,0,0,0,0,0.4719998837,0.24077034,1,0.0513590872,0,0.1383155584,0,0,0,0.1754015684,0,0.12062639,0,0.1920983195,0,0.0288024545,0.0212796032,0.0007811934,0.0631425977,0,0.0035649166,0.0059621409,0,0.0155180171,0.1636743546,0.1824766397,0.1459419727,0.2029538155
0,0,1,0.1220524311,0,0,0,0,0.0099018216,0,0,0,0,0.0812165588,0.0812095329,0.1615807414,0.1615758389,0,0,0,0,0.4719998837,0.2411631346,1,0.0635281205,0,0.1325845718,0,0,0,0.1801460981,0,0.1278728247,0,0.1960322261,0,0.0198617578,0.0222094357,0.000873208,0.0675584897,0,0.0035651028,0.0059626997,0,0.0134905307,0.1630067825,0.1817390323,0.1458540559,0.1999363303
0,0,1,0.1266300678,0,0,0,0,0.0099048018,0,0,0,0,0.0830589086,0.0830548629,0.1667385995,0.1667336971,0,0,0,0,0.4719998837,0.2415542603,1,0.0760152936,0,0.1266077161,0,0,0,0.1848354936,0,0.135165453,0,0.1998856664,0,0.0105425715,0.0231456012,0.0009693205,0.0720320791,0,0.0035660341,0.0059625134,0,0.0114102904,0.1623138785,0.180965662,0.1457646489,0.1968055964
0,0,1,0.1312464476,0,0,0,0,0.0098973513,0,0,0,0,0.0849547014,0.0849491656,0.1719914973,0.1719871312,0,0,0,0,0.4719998837,0.2419433594,1,0.0887431204,0,0.1204073429,0,0,0,0.1894697547,0,0.1424655318,0,0.2036556602,0,0.0008679926,0.0240907073,0.0010695308,0.0765401199,0,0.0035662204,0.0059623271,0,0.0092898477,0.1615911722,0.1801550388,0.1456528902,0.1935720444
0,0,1,0.1358836889,0,0,0,0,0.0099033117,0,0,0,0,0.0868994668,0.0868939012,0.1773345023,0.177330181,0,0,0,0,0.4719998837,0.2423301935,1,0.1016303897,0,0.114005059,0,0.0091224909,0,0.1940205693,0,0.1497402787,0,0.2073183507,0,0,0.0250421464,0.001174584,0.0810586065,0,0.0035665929,0.0059612095,0,0.0071422923,0.1608341932,0.1793161035,0.1455426216,0.1902580261
0,0,1,0.1405358315,0,0,0,0,0.0099003315,0,0,0,0,0.0888870209,0.0888874158,0.1827554107,0.1827535331,0,0,0,0,0.4719998837,0.2427142262,1,0.1146033406,0,0.1074165106,0,0.0194005668,0,0.1984685659,0,0.1569494605,0,0.2108782381,0,0,0.0260002911,0.0012814999,0.0855630413,0,0.0035647303,0.0059625134,0,0.0049810885,0.1600474119,0.1784384251,0.1454055309,0.1868709922
0,0,1,0.1451939344,0,0,0,0,0.0099003315,0,0,0,0,0.0909307674,0.090926677,0.1882497817,0.1882425249,0,0,0,0,0.4719998837,0.2430952191,1,0.1275748014,0,0.1006685197,0,0.0299274921,0,0.2028018236,0,0.1640632749,0,0.2143114656,0,0,0.0269617885,0.0013910234,0.0900288522,0,0.0035656616,0.0059612095,0,0.0028198832,0.1592338085,0.1775294542,0.1452639699,0.1834347844
0,0,1,0.1498505473,0,0,0,0,0.0099018216,0,0,0,0,0.093023099,0.0930160284,0.1938058138,0.1937994659,0,0,0,0,0.4719998837,0.2434726357,1,0.1404665411,0,0.0937871635,0,0.0406652689,0,0.2069979757,0,0.1710444689,0,0.2176120728,0,0,0.0279277563,0.0015027821,0.0944316387,0,0.0035660341,0.0059621409,0,0.0006723305,0.1583904028,0.1765877008,0.1451060176,0.1799538732
0,0,1,0.1544952393,0,0,0,0,0.0099003315,0,0,0,0,0.0951579586,0.0951553434,0.1994003952,0.1994000226,0,0,0,0,0.4719998837,0.2438461781,1,0.1531921327,0,0.0867940485,0,0.0515721738,0,0.2110555619,0,0.1778528094,0,0.2207755893,0,0,0.0288963318,0.0016156584,0.0987475738,0.0014481121,0.0035671517,0.0059625134,0,0,0.157520175,0.1756206155,0.1449346542,0.1764550805
0,0,1,0.1591190696,0,0,0,0,0.0099003315,0,0,0,0,0.0973322466,0.0973281637,0.2050324231,0.2050296813,0,0,0,0,0.4719998837,0.2442154288,1,0.1656785607,0,0.0797197223,0,0.0626094639,0,0.2149492353,0,0.184468925,0,0.2237901092,0,0,0.0298667699,0.0017311424,0.1029536724,0.0035283593,0.0035651028,0.0059625134,0,0,0.1566261053,0.1746207476,0.1447454095,0.1729533076
0,0,1,0.1637175679,0,0,0,0,0.0099033117,0,0,0,0,0.0995474532,0.0995448455,0.2106876224,0.2106872499,0,0,0,0,0.4719998837,0.2445803285,1,0.177847594,0,0.0725887716,0,0.0737339258,0,0.2186685652,0,0.1908510923,0,0.2266541123,0,0,0.0308386981,0.0018458813,0.1070281118,0.0055558369,0.0035665929,0.0059615821,0,0,0.1556992531,0.1735925674,0.1445457339,0.1694649458
0,0,1,0.1682788134,0,0,0,0,0.0099003315,0,0,0,0,0.1018078476,0.1018009484,0.2163468152,0.2163449228,0,0,0,0,0.4719998837,0.2449404597,1,0.1896284521,0,0.0654309988,0,0.0849016011,0,0.2222001553,0,0.1969739795,0,0.2293542027,0,0,0.0318102539,0.0019617379,0.1109505072,0.0075186808,0.0035669655,0.0059638172,0,0,0.1547455788,0.172534585,0.1443251967,0.1659959555
0,0,1,0.1728013158,0,0,0,0,0.0099018216,0,0,0,0,0.1041041762,0.1040931121,0.2219899744,0.2219872475,0,0,0,0,0.4719998837,0.2452955246,1,0.2009563148,0,0.058273226,0,0.0960692763,0,0.2255439758,0,0.2028107643,0,0.2318874002,0,0,0.0327821821,0.0020764768,0.1147020012,0.0094058253,0.0035654753,0.0059632584,0,0,0.1537740231,0.1714468002,0.1440897584,0.1625746489
0,0,1,0.1772686839,0,0,0,0,0.0099018216,0,0,0,0,0.10642533,0.1064254642,0.2276020795,0.2275963873,0,0,0,0,0.4719998837,0.2456455827,1,0.2117656022,0,0.0511437654,0,0.1071944833,0,0.2286851406,0,0.2083331198,0,0.2342507243,0,0,0.0337507576,0.0021934509,0.118265532,0.0112070963,0.0035658479,0.0059625134,0,0,0.1527756453,0.1703336835,0.1438468695,0.1592069864
0,0,1,0.181683898,0,0,0,0,0.0099033117,0,0,0,0,0.1087837294,0.1087739244,0.2331565171,0.2331478149,0,0,0,0,0.4719998837,0.2459902763,1,0.2220071852,0,0.0440694392,0,0.1182295382,0,0.2316117287,0,0.2135291547,0,0.2364441752,0,0,0.0347193331,0.0023074448,0.1216259226,0.0129132969,0.0035664067,0.0059615821,0,0,0.1517519355,0.1691892743,0.1435801387,0.1559063792
0,0,1,0.1860395074,0,0,0,0,0.0099018216,0,0,0,0,0.1111707464,0.1111623123,0.2386458814,0.2386431545,0,0,0,0,0.4719998837,0.2463297248,1,0.2316296101,0,0.0370778143,0,0.1291379333,0,0.2343147993,0,0.2183809727,0,0.2384632826,0,0,0.0356860459,0.0024206936,0.124769859,0.0145162512,0.0035649166,0.0059615821,0,0,0.150705874,0.1680240035,0.1433059573,0.1526862383
0,0,1,0.1903235912,0,0,0,0,0.0099003315,0,0,0,0,0.1135784611,0.1135688648,0.2440464348,0.2440362275,0,0,0,0,0.4719998837,0.2466635108,1,0.2405889332,0,0.030194968,0,0.13987571,0,0.2368077636,0,0.2228632569,0,0.2403020859,0,0,0.0366471708,0.0025313348,0.1276859492,0.0160088129,0.0035664067,0.0059625134,0,0,0.1496329904,0.1668304205,0.1430138946,0.1495555043
0,0,1,0.1945406199,0,0,0,0,0.0099003315,0,0,0,0,0.1160048842,0.116005443,0.2493406236,0.2493352443,0,0,0,0,0.4719998837,0.2469918728,1,0.2488456666,0,0.0234469771,0,0.1504033804,0,0.2390742302,0,0.2269744873,0,0.241972506,0,0,0.0376049429,0.002643466,0.1303647012,0.0173848644,0.0035656616,0.0059632584,0,0,0.1485466957,0.1656129956,0.1427099109,0.146523118
0,0,1,0.1986846328,0,0,0,0,0.0099003315,0,0,0,0,0.118451573,0.1184467003,0.2545006573,0.2545000613,0,0,0,0,0.4719998837,0.2473144531,1,0.2563752234,0,0.0168599188,0,0.1606792212,0,0.2411156893,0,0.230704248,0,0.2434715629,0,0,0.0385604799,0.0027492642,0.1327984333,0.0186392814,0.003564544,0.005964376,0,0,0.147433579,0.1643747091,0.1423895359,0.1435995102
0,0,1,0.2027496696,0,0,0,0,0.0099003315,0,0,0,0,0.120905064,0.1209028587,0.2595156431,0.2595150173,0,0,0,0,0.4719998837,0.247631669,1,0.2631485462,0,0.0104553998,0,0.1706719398,0,0.2429336309,0,0.2340406179,0,0.244794786,0,0,0.0395085663,0.00285469,0.1349811852,0.0197678804,0.0035658479,0.0059619546,0,0,0.1463010907,0.1631081104,0.1420557499,0.1407906413
0,0,1,0.2067342252,0,0,0,0,0.0099003315,0,0,0,0,0.1233758032,0.123370856,0.2643659413,0.2643674612,0,0,0,0,0.4719998837,0.2479434013,1,0.2691492438,0,0.0042542815,0,0.1803465188,0,0.2445220947,0,0.236980617,0,0.2459540963,0,0,0.0404525548,0.0029586256,0.1369085908,0.0207674056,0.0035662204,0.0059621409,0,0,0.1451447606,0.1618236303,0.1417070627,0.1381039619
0,0,1,0.2106442899,0,0,0,0,0.0099003315,0,0,0,0,0.1258457452,0.125842005,0.2690463066,0.2690417767,0,0,0,0,0.4719998837,0.2482494712,1,0.27436167,0,0,0.0017203391,0.18966645,0,0.2458885312,0,0.2395197749,0,0.2469420433,0,0,0.041391328,0.0030584633,0.1385778189,0.0216354318,0.0035654753,0.0059628859,0,0,0.1439750195,0.1605167985,0.141350925,0.135537982
0,0,1,0.2144679278,0,0,0,0,0.0098988414,0,0,0,0,0.1283154637,0.1283132583,0.2735231817,0.273520112,0,0,0,0,0.4719998837,0.2485502958,1,0.2787701786,0,0,0.0074513257,0.1986071467,0,0.2470374107,0,0.2416625619,0,0.2477630973,0,0,0.0423241407,0.0031560659,0.139987275,0.0223702863,0.0035662204,0.005963631,0,0,0.1427799463,0.1591920853,0.1409798861,0.1331031322
0,0,1,0.2182110995,0,0,0,0,0.0098988414,0,0,0,0,0.1307837367,0.1307856441,0.277790606,0.2777861953,0,0,0,0,0.4719998837,0.2488457561,1,0.2823770046,0,0,0.0129207969,0.2071387917,0,0.2479657531,0,0.2434000373,0,0.2484336495,0,0,0.0432491302,0.0032506883,0.1411366314,0.0229709949,0.0035665929,0.0059612095,0,0,0.1415714622,0.1578360796,0.1405984163,0.1308038831
0,0,1,0.2218693495,0,0,0,0,0.0098988414,0,0,0,0,0.1332416236,0.1332394928,0.2818391323,0.2818308175,0,0,0,0,0.4719998837,0.2491360307,1,0.2851761878,0,0,0.0181131065,0.2152412981,0,0.2486810088,0,0.2447530627,0,0.248940289,0,0,0.0441685319,0.0033423305,0.142026633,0.0234372206,0.0035665929,0.0059612095,0,0,0.1403421164,0.1564741135,0.1402020454,0.1286372542
0,0,1,0.2254426479,0,0,0,0,0.0099018216,0,0,0,0,0.1356831789,0.1356851906,0.285651952,0.2856519222,0,0,0,0,0.4719998837,0.2494212389,1,0.2871669829,0,0,0.0230140984,0.2228870988,0,0.2491891384,0,0.2457097173,0,0.2493008971,0,0,0.0450793654,0.0034309924,0.1426589042,0.023769157,0.0035654753,0.0059623271,0,0,0.1391023397,0.155082345,0.1398012042,0.126606226
0,0,1,0.2289369702,0,0,0,0,0.0099003315,0,0,0,0,0.138107121,0.1381036192,0.2892241478,0.2892175019,0,0,0,0,0.4719998837,0.2497014999,1,0.2883568406,0,0,0.0276125968,0.2300612628,0,0.2494841814,0,0.2462789416,0,0.2495110035,0,0,0.0459849834,0.0035148114,0.1430358887,0.0239674821,0.0035651028,0.0059634447,0,0,0.1378372312,0.1536756754,0.1393899322,0.1247152686
0,0,1,0.2323433757,0,0,0,0,0.0099003315,0,0,0,0,0.1405084133,0.1405079514,0.2925468385,0.2925449312,0,0,0,0,0.4719998837,0.2499768138,1,0.2887524366,0,0,0.0318981707,0.2367466688,0,0.2495825291,0,0.2464681864,0,0.2495825291,0,0,0.0468827784,0.0035975128,0.1431607455,0.0240332838,0.0035639852,0.0059632584,0,0,0.1365587115,0.1522526145,0.1389652491,0.1229599118
0,0,1,0.2357497811,0,0,0,0,0.0098973513,0,0,0,0,0.1428813189,0.1428819895,0.2956156433,0.2956100702,0,0,0,0,0.4719998837,0.2502508759,1,0.2881668508,0,0,0.0358588994,0.2429269254,0,0.2495840192,0,0.2463549376,0,0.2495825291,0,0,0.0477891415,0.0036802143,0.1429531425,0.0239807628,0.0035651028,0.0059628859,0,0,0.1352652907,0.1508101821,0.1385197043,0.1212716103
0,0,1,0.239226222,0,0,0,0,0.0099018216,0,0,0,0,0.1452254057,0.1452220827,0.2984187901,0.2984191179,0,0,0,0,0.4719998837,0.2505272627,1,0.2864062786,0,0,0.0394910574,0.2485901117,0,0.2495840192,0,0.2460092306,0,0.249581039,0,0,0.0487320125,0.0037625432,0.1423282027,0.0238227565,0.0035665929,0.0059613958,0,0,0.1339569688,0.1493543386,0.1380488276,0.1195922494
0,0,1,0.2427697182,0,0,0,0,0.0099033117,0,0,0,0,0.1475344896,0.1475269794,0.3009628356,0.3009645939,0,0,0,0,0.4719998837,0.250805378,1,0.2834558487,0,0,0.0427827239,0.2537287772,0,0.2495840192,0,0.2454385161,0,0.249581039,0,0,0.0497065485,0.0038463622,0.1412831098,0.0235586502,0.0035660341,0.0059615821,0,0,0.132638216,0.1478776336,0.1375511289,0.1179128885
0,0,1,0.2463728189,0,0,0,0,0.0099003315,0,0,0,0,0.1498019993,0.1497977674,0.303241998,0.3032406867,0,0,0,0,0.4719998837,0.2510845661,1,0.2793110907,0,0,0.0457338989,0.2583354712,0,0.2495825291,0,0.2446353436,0,0.2495780587,0,0,0.0507127494,0.0039324164,0.1398156583,0.0231879354,0.0035664067,0.0059610233,0,0,0.1312971115,0.1463875175,0.1370206475,0.1162350178
0,0,1,0.2500280738,0,0,0,0,0.0099003315,0,0,0,0,0.1520201713,0.1520203203,0.3052634895,0.3052581549,0,0,0,0,0.4719998837,0.2513646483,1,0.2739816904,0,0,0.0483416021,0.262401253,0,0.2495825291,0,0.2435997128,0,0.2495825291,0,0,0.0517517328,0.0040195882,0.1379242539,0.0227102023,0.0035667792,0.0059612095,0,0,0.1299545169,0.1448839903,0.136461854,0.1145586371
0,0,1,0.2537339926,0,0,0,0,0.0099018216,0,0,0,0,0.1541964561,0.154196471,0.3070165217,0.3070140779,0,0,0,0,0.4719998837,0.2516447306,1,0.2674788237,0,0,0.0506013632,0.2659253776,0,0.2495855093,0,0.2423286438,0,0.2495795488,0,0,0.0528223813,0.0041097403,0.1356081516,0.0221251473,0.0035665929,0.0059630722,0,0,0.1285910606,0.1433685422,0.1358821988,0.112888217
0,0,1,0.2574667335,0,0,0,0,0.0099018216,0,0,0,0,0.156314522,0.1563172191,0.3085153997,0.308508724,0,0,0,0,0.4719998837,0.2519240379,1,0.2598337829,0,0,0.0525087118,0.2689041197,0,0.2495825291,0,0.2408236265,0,0.2495825291,0,0,0.0539235771,0.0041998923,0.1328673512,0.0214326028,0.0035647303,0.0059640035,0,0,0.1272171736,0.1418352127,0.1352667809,0.1112222672
0,0,1,0.2612248063,0,0,0,0,0.0098988414,0,0,0,0,0.1583804488,0.1583762169,0.3097496629,0.3097464442,0,0,0,0,0.4719998837,0.252202034,1,0.2510853112,0,0,0.0540688634,0.2713359892,0,0.249581039,0,0.239084661,0,0.2495840192,0,0,0.0550583005,0.0042930245,0.1297027767,0.020632524,0.0035651028,0.0059626997,0,0,0.1258328557,0.1402884722,0.134627521,0.1095592976
0,0,1,0.2649903297,0,0,0,0,0.0099033117,0,0,0,0,0.1603841335,0.1603830308,0.3107428551,0.310736984,0,0,0,0,0.4719998837,0.2524774075,1,0.2412877977,0,0,0.0552780926,0.2732247114,0,0.2495855093,0,0.2371191978,0,0.2495855093,0,0,0.0562224537,0.0043876469,0.1261163205,0.0197250061,0.0035652891,0.0059621409,0,0,0.1244321465,0.1387342811,0.1339569688,0.1078978181
0,0,1,0.2687603235,0,0,0,0,0.0099018216,0,0,0,0,0.1623185873,0.1623161137,0.3114795685,0.311480552,0,0,0,0,0.4719998837,0.2527496219,1,0.230512768,0,0,0.0561386347,0.2745687962,0,0.249581039,0,0.2349168062,0,0.2495855093,0,0,0.0574178994,0.0044837594,0.1221109778,0.0187103078,0.0035669655,0.005960837,0,0,0.1230299473,0.1371636987,0.1332566142,0.1062422991
0,0,1,0.2724960446,0,0,0,0,0.0099018216,0,0,0,0,0.1641873419,0.1641882509,0.3119843006,0.3119791448,0,0,0,0,0.4719998837,0.2530173063,1,0.2188436538,0,0,0.056655705,0.2753727138,0,0.249581039,0,0.2324834466,0,0.2495840192,0,0,0.05864501,0.0045809895,0.1176908463,0.017588852,0.0035649166,0.0059623271,0,0,0.1216113567,0.1355901361,0.1325264573,0.1045927405
0,0,1,0.2761989832,0,0,0,0,0.0098988414,0,0,0,0,0.1659832597,0.1659811288,0.3122499585,0.3122491241,0,0,0,0,0.4719998837,0.253279388,1,0.2063885182,0,0,0.0568270683,0.2756401896,0,0.2495825291,0,0.2298176289,0,0.2495765686,0,0,0.0599011779,0.0046793371,0.1128613055,0.0163612235,0.0035671517,0.0059623271,0,0,0.1201912761,0.1339957118,0.1317769289,0.1029416919
0,0,1,0.279840827,0,0,0,0,0.0098988414,0,0,0,0,0.1677082777,0.1677048206,0.3122901917,0.3122912049,0,0,0,0,0.4719998837,0.2535350919,1,0.1932635903,0,0,0.0568248332,0.2746410668,0,0.2495840192,0,0.2269282937,0,0.249581039,0,0,0.0611841679,0.0047791749,0.1076289788,0.0150282122,0.0035652891,0.0059641898,0,0,0.1187548041,0.1323997974,0.1309901476,0.1012995839
0,0,1,0.283408165,0,0,0,0,0.0099018216,0,0,0,0,0.169356212,0.169350177,0.3120271266,0.3120209575,0,0,0,0,0.4719998837,0.2537830472,1,0.1795977354,0,0,0.056822598,0.2716213465,0,0.2495840192,0,0.223813951,0,0.249581039,0,0,0.0624958426,0.0048801303,0.1020019278,0.0135907922,0.0035660341,0.0059626997,0,0,0.1173123717,0.1307919621,0.1301750541,0.0996604562
0,0,1,0.2868801355,0,0,0,0,0.0099018216,0,0,0,0,0.1709216237,0.1709174961,0.3113627732,0.3113564253,0,0,0,0,0.4719998837,0.2540220618,1,0.1655392349,0,0,0.0568173826,0.2665549517,0,0.2495855093,0,0.2204701155,0,0.2495825291,0,0,0.0638373196,0.0049825758,0.0959896743,0.012050149,0.0035652891,0.0059623271,0,0,0.1158609986,0.129173696,0.129340589,0.098028779
0,0,1,0.2902313769,0,0,0,0,0.0099018216,0,0,0,0,0.1723996252,0.1723999083,0.310295105,0.3102950752,0,0,0,0,0.4719998837,0.2542511821,1,0.1512393355,0,0,0.0568032265,0.2594470978,0,0.2495840192,0,0.2169072479,0,0.2495840192,0,0,0.0652037561,0.0050861388,0.0896032155,0.0104076955,0.0035643578,0.0059617683,0,0,0.1144036651,0.1275494695,0.1284703612,0.096398592
0,0,1,0.2934530079,0,0,0,0,0.0099003315,0,0,0,0,0.1738005877,0.1738032699,0.3088203967,0.3088177741,0,0,0,0,0.4719998837,0.2544694543,1,0.1368612051,0,0,0.0567778945,0.2503566444,0,0.2495840192,0,0.2131327838,0,0.2495825291,0,0,0.0665958971,0.005191192,0.0828551501,0.0086650578,0.0035662204,0.0059625134,0,0,0.112940371,0.1259177923,0.1275748014,0.0947773457
0,0,1,0.2965151966,0,0,0,0,0.0099003315,0,0,0,0,0.1751180887,0.1751197278,0.3069382608,0.3069374859,0,0,0,0,0.4719998837,0.2546759248,1,0.1225613058,0,0,0.0567398965,0.2393916249,0,0.249581039,0,0.2091497034,0,0.2495780587,0,0,0.0680129975,0.0052969903,0.0757596865,0.0068241125,0.0035662204,0.0059606507,0,0,0.1114726067,0.1242727041,0.1266509295,0.0931590796
0,0,1,0.2994224131,0,0,0,0,0.0099018216,0,0,0,0,0.1763501018,0.1763450205,0.3046469688,0.3046388924,0,0,0,0,0.4719998837,0.2548698783,1,0.1085005701,0,0,0.0566832721,0.2267226577,0,0.2495855093,0,0.2049565166,0,0.249581039,0,0,0.0694539398,0.0054042786,0.0683326125,0.0048869746,0.0035665929,0.005960837,0,0,0.1099944115,0.1226320863,0.1256972551,0.091548264
0,0,1,0.3021448553,0,0,0,0,0.0099003315,0,0,0,0,0.1774917394,0.1774920374,0.3019405901,0.3019379377,0,0,0,0,0.4719998837,0.2550505996,1,0.0948362052,0,0,0.0566020608,0.2125866562,0,0.2495840192,0,0.2005666494,0,0.2495825291,0,0,0.0709164888,0.0055119395,0.060591463,0.0028560157,0.0035664067,0.0059628859,0,0,0.1085087657,0.1209810376,0.1247212291,0.089943409
0,0,1,0.3046706021,0,0,0,0,0.0099033117,0,0,0,0,0.1785447001,0.1785471737,0.2988379896,0.2988265753,0,0,0,0,0.4719998837,0.255217731,1,0.0817090273,0,0,0.0564970076,0.197288394,0,0.249581039,0,0.1959741116,0,0.2495825291,0,0,0.072401017,0.0056203455,0.0525553115,0.0007338691,0.0035669655,0.0059626997,0,0,0.1070275903,0.1193240285,0.1237124205,0.0883430243
0,0,1,0.3070011437,0,0,0,0,0.0099003315,0,0,0,0,0.1795120984,0.1795127541,0.295333147,0.2953310907,0,0,0,0,0.4719998837,0.2553708553,1,0.0692531466,0,0,0.056360662,0.1811802387,0,0.2495825291,0,0.1911997795,0,0.2495825291,0,0,0.0739034265,0.0057294965,0.0442449041,0,0.0035649166,0.0059612095,0,0.0014765726,0.105535984,0.117662549,0.1226782799,0.0867530704
0,0,1,0.3091185987,0,0,0,0,0.0098988414,0,0,0,0,0.1803889126,0.1803907901,0.2914585769,0.2914521396,0,0,0,0,0.4719998837,0.255509913,1,0.0575877726,0,0,0.0561878085,0.1646630466,0,0.2495855093,0,0.1862406731,0,0.249581039,0,0,0.0754244626,0.0058401376,0.0356824808,0,0.0035639852,0.0059630722,0,0.0037721482,0.1040428877,0.1160010695,0.1216217875,0.0851690769
0,0,1,0.3110333979,0,0,0,0,0.0099033117,0,0,0,0,0.1811751127,0.1811811477,0.2872155309,0.2872110009,0,0,0,0,0.4719998837,0.2556347251,1,0.0468112528,0,0,0.0559799373,0.14815256,0,0.2495825291,0,0.1811131835,0,0.2495825291,0,0,0.0769630075,0.0059500337,0.0268918462,0,0.0035656616,0.0059617683,0,0.0061494219,0.1025483012,0.1143291593,0.1205325127,0.0835925341
0,0,1,0.3127261698,0,0,0,0,0.0099033117,0,0,0,0,0.1818811446,0.1818771809,0.2826363742,0.2826316357,0,0,0,0,0.4719998837,0.2557454109,1,0.0370144844,0,0,0.0557348132,0.132047385,0,0.2495825291,0,0.175820291,0,0.2495825291,0,0,0.0785153359,0.0060625374,0.0178981666,0,0.0035665929,0.0059623271,0,0.0086046876,0.1010432839,0.1126542687,0.1194193959,0.0820234418
0,0,1,0.3141969144,0,0,0,0,0.0099033117,0,0,0,0,0.1824912131,0.1824918687,0.2777602077,0.2777487338,0,0,0,0,0.4719998837,0.2558421493,1,0.0282652676,0,0,0.0554457307,0.1167297363,0,0.2495869994,0,0.170378387,0,0.2495840192,0,0,0.080081448,0.0061709434,0.0087278252,0,0.0035658479,0.0059600919,0,0.0111339726,0.0995472074,0.1109823585,0.1182809472,0.0804573298
0,0,1,0.3154664934,0,0,0,0,0.0099003315,0,0,0,0,0.183017388,0.1830209494,0.2725994587,0.2725914419,0,0,0,0,0.4719998837,0.2559254766,1,0.0206202269,0,0,0.0551208854,0.1025259495,0,0.2495825291,0,0.1647815108,0,0.2495825291,0,0,0.0816576183,0.0062838197,0,0,0.0035654753,0.0059623271,0.0005915237,0.0137330545,0.0980407,0.1093044877,0.1171156764,0.078907609
0,0,1,0.3165185153,0,0,0,0,0.0098988414,0,0,0,0,0.1834555566,0.1834560633,0.2672049701,0.2671939135,0,0,0,0,0.4719998837,0.2559953928,1,0.0141173601,0,0,0.0547595322,0.0897035003,0,0.2495840192,0,0.1590594649,0,0.249581039,0,0,0.0832438469,0.0063963234,0,0,0.0035654753,0.0059625134,0.0100313509,0.0163974278,0.0965341926,0.1076310873,0.1159235835,0.0773638487
0,0,1,0.3173723519,0,0,0,0,0.0099018216,0,0,0,0,0.183811456,0.1838145703,0.2616110146,0.2616056204,0,0,0,0,0.4719998837,0.2560526729,1,0.0087887049,0,0,0.054359436,0.0784642994,0,0.2495825291,0,0.153209269,0,0.2495795488,0,0,0.0848375261,0.006506592,0,0,0.0035664067,0.0059621409,0.0195622444,0.0191223715,0.095026195,0.105945766,0.1147061586,0.0758260489
0,0,1,0.3180220425,0,0,0,0,0.0099033117,0,0,0,0,0.1840821952,0.1840862483,0.2558701932,0.2558639348,0,0,0,0,0.4719998837,0.256097436,1,0.004645437,0,0,0.0539235771,0.0689513981,0,0.249581039,0,0.1472473145,0,0.2495825291,0,0,0.0864353031,0.0066187233,0,0,0.0035656616,0.0059615821,0.0291542318,0.0219028872,0.0935256481,0.1042678952,0.1134723425,0.0742942095
0,0,1,0.3184765279,0,0,0,0,0.0099033117,0,0,0,0,0.184271574,0.1842713058,0.2500217259,0.2500190437,0,0,0,0,0.4719998837,0.2561304569,1,0.0016927719,0,0,0.0534586608,0.0612534583,0,0.2495855093,0,0.1411855221,0,0.2495840192,0,0,0.0880371779,0.0067286193,0,0,0.0035664067,0.0059621409,0.0387768373,0.0247338004,0.0920161605,0.1025870442,0.1122102141,0.0727787614
0,0,1,0.3187462389,0,0,0,0,0.0099003315,0,0,0,0,0.1843751073,0.184378922,0.2441257685,0.2441207021,0,0,0,0,0.4719998837,0.2561522126,1,0,0,0,0.0529631972,0.055411458,0,0.2495825291,0,0.135037303,0,0.2495840192,0,0,0.0896409154,0.0068400055,0,0,0.0035647303,0.0059634447,0.0483994596,0.0276096836,0.0905096531,0.1009121537,0.1109227538,0.0712707639
0,0,1,0.3188356459,0,0,0,0,0.0098988414,0,0,0,0,0.1843992323,0.1844058782,0.2382193357,0.2382044345,0,0,0,0,0.4719998837,0.2561632991,1,0,0.000654161,0,0.0524394214,0.0514253974,0,0.249581039,0,0.1288115978,0,0.2495840192,0,0,0.0912401825,0.0069499016,0,0,0.0035669655,0.0059630722,0.0579914413,0.0305249672,0.0890031457,0.0992298126,0.1096144319,0.0697717071
0,0,1,0.3187551796,0,0,0,0,0.0099033117,0,0,0,0,0.1843093485,0.1843091846,0.2323424518,0.2323393524,0,0,0,0,0.4719998837,0.2561613917,1,0,0.0004567206,0,0.0518910587,0.0483967364,0,0.249299407,0,0.1225247979,0,0.2492532134,0,0,0.0928387046,0.0070586801,0,0,0.0035651028,0.0061407685,0.0675223544,0.0334738754,0.0874981284,0.097553432,0.1082792878,0.0682860613
0,0,1,0.3185137808,0,0,0,0,0.0098988414,0,0,0,0,0.1840547025,0.1840628237,0.2265630215,0.2265507877,0,0,0,0,0.4719998837,0.2561438084,0.9888902267,0.0001296401,0,0,0.0513121486,0.0454381108,0,0.2484411001,0,0.1161888242,0,0.2482637763,0,0,0.0944294035,0.0071685761,0,0,0.0035656616,0.0066807494,0.076962173,0.0364505053,0.0860020518,0.0958785415,0.1069277525,0.066806376
0,0,1,0.3181203902,0,0,0,0,0.0099048018,0,0,0,0,0.1836476922,0.1836495548,0.2208974063,0.2208925635,0,0,0,0,0.4719998837,0.2561100721,0.9641937709,0.0011138618,0,0,0.0507064164,0.042553246,0,0.2469986677,0,0.1098230481,0,0.2466067672,0,0,0.0960126519,0.0072740018,0,0,0.0035654753,0.0075856224,0.0862815306,0.0394488163,0.0844985247,0.0942125916,0.1055508852,0.0653356314
0,0,1,0.3175615966,0,0,0,0,0.0099018216,0,0,0,0,0.1830701381,0.1830745488,0.2154045999,0.2153996527,0,0,0,0,0.4719998837,0.2560597062,0.938982116,0.0024959445,0,0,0.0500641763,0.039742142,0,0.2449765801,0,0.1034364104,0,0.2442777157,0,0,0.0975854695,0.0073805451,0,0,0.0035660341,0.0088553876,0.0954518244,0.0424626879,0.0830054283,0.0925377011,0.1041576266,0.0638827682
0,0,1,0.316847831,0,0,0,0,0.0099033117,0,0,0,0,0.1823250949,0.1823301762,0.2101067305,0.210100159,0,0,0,0,0.4719998837,0.2559927702,0.9132743121,0.0042773783,0,0,0.0493973494,0.0370159745,0,0.2423748374,0,0.097040832,0,0.2412781119,0,0,0.0991463661,0.0074855983,0,0,0.0035664067,0.0104894862,0.1044455245,0.0454859361,0.081512332,0.0908747315,0.1027405262,0.0624418259
0,0,1,0.3159641922,0,0,0,0,0.0099033117,0,0,0,0,0.181417048,0.1814192832,0.2050414532,0.2050285637,0,0,0,0,0.4719998837,0.2559083104,0.8870930273,0.006454438,0,0,0.04869923,0.0343672931,0,0.2391859889,0,0.0906467438,0,0.2376109362,0,0,0.1006908715,0.0075891614,0,0,0.0035652891,0.0124949962,0.1132361591,0.0485122837,0.0800207257,0.0892162323,0.1013070345,0.0610053539
0,0,1,0.3149270713,0,0,0,0,0.0099018216,0,0,0,0,0.18033427,0.1803380996,0.2002213597,0.20021604,0,0,0,0,0.4719998837,0.2558064461,0.8604659853,0.0090263784,0,0,0.0479698181,0.0318072736,0,0.2354234457,0,0.0842750072,0,0.2332732081,0,0,0.1022189856,0.0076904893,0,0,0.0035652891,0.0148564577,0.1217985749,0.0515355393,0.0785335898,0.0875517726,0.0998467207,0.0595882535
0,0,1,0.3137260377,0,0,0,0,0.0099003315,0,0,0,0,0.1790801734,0.1790898293,0.1956779957,0.1956657022,0,0,0,0,0.4719998837,0.2556868196,0.8334251663,0.0119887292,0,0,0.0472076237,0.0293388963,0,0.2310857177,0,0.0779464841,0,0.2282828093,0,0,0.1037266105,0.0077921897,0,0,0.0035671517,0.0175788999,0.1301089972,0.0545494258,0.0770494342,0.0859051943,0.098374486,0.0581786036
0,0,1,0.3123610914,0,0,0,0,0.0099033117,0,0,0,0,0.1776661426,0.1776687205,0.1914251447,0.1914160103,0,0,0,0,0.4719998837,0.2555493712,0.8060076593,0.0153340399,0,0,0.0464171171,0.0269599259,0,0.2261936665,0,0.0716596842,0,0.2226486802,0,0,0.1052137464,0.0078909099,0,0,0.0035675243,0.0206539407,0.1381451488,0.0575477257,0.0755682588,0.0842541456,0.09688586,0.0567808747
0,0,1,0.3108396828,0,0,0,0,0.0099003315,0,0,0,0,0.1760783643,0.1760807931,0.1874675751,0.1874628216,0,0,0,0,0.4719998837,0.2553936839,0.7782557146,0.0190533698,0,0,0.0455953181,0.0246785581,0,0.2207547277,0,0.065433979,0,0.2163842171,0,0,0.1066755503,0.0079873949,0,0,0.0035658479,0.0240713358,0.145886302,0.0605243556,0.0740990043,0.0826105475,0.0953778625,0.0553995371
0,0,1,0.3091498911,0,0,0,0,0.0098988414,0,0,0,0,0.1743317842,0.1743370742,0.1838285178,0.1838128865,0,0,0,0,0.4719998837,0.2552198172,0.7502170101,0.0231318176,0,0,0.0447429717,0.0224940479,0,0.2147897929,0,0.0592842698,0,0.2095147818,0,0,0.1081105322,0.0080816448,0,0,0.0035665929,0.0278174877,0.1533133388,0.0634732619,0.0726342201,0.0809744,0.0938549638,0.0540301204
0,0,1,0.3073051274,0,0,0,0,0.0099033117,0,0,0,0,0.1724226922,0.1724308133,0.1805012673,0.180488497,0,0,0,0,0.4719998837,0.2550278306,0.7219447048,0.0275552273,0,0,0.0438638031,0.0204123557,0,0.2083211988,0,0.0532284379,0,0.202062726,0,0,0.1095190644,0.0081744045,0,0,0.0035654753,0.0318825245,0.1604088396,0.0663885474,0.071169436,0.0793501735,0.0923171639,0.0526741147
0,0,1,0.3052949607,0,0,0,0,0.0099018216,0,0,0,0,0.1703658849,0.1703686118,0.1774894595,0.1774814725,0,0,0,0,0.4719998837,0.2548176646,0.6934970657,0.0323072076,0,0,0.0429548323,0.0184319913,0,0.2013683319,0,0.0472635031,0,0.1940593123,0,0,0.1108974218,0.0082656741,0,0,0.0035671517,0.036251545,0.1671569347,0.0692644343,0.0697135925,0.0777244568,0.0907614827,0.0513330102
0,0,1,0.3031253517,0,0,0,0,0.0098988414,0,0,0,0,0.1681648493,0.1681693792,0.1748008281,0.1747923791,0,0,0,0,0.4719998837,0.2545896769,0.6649380539,0.0373631716,0,0,0.0420190394,0.0165581703,0,0.1939684153,0,0.0414162874,0,0.1855403185,0,0,0.1122433692,0.0083528459,0,0,0.0035651028,0.0408947468,0.1735433489,0.0720953345,0.0682681799,0.0761136413,0.0891983509,0.0500023365
0,0,1,0.3007992804,0,0,0,0,0.0099003315,0,0,0,0,0.165836975,0.1658388078,0.1723387092,0.1723281592,0,0,0,0,0.4719998837,0.2543439269,0.6363362063,0.0427030027,0,0,0.0410601497,0.0147894025,0,0.1861602068,0,0.0356867909,0,0.1765444875,0,0,0.1135565341,0.0084385276,0,0,0.0035652891,0.0458046794,0.1795556694,0.0748758689,0.0668242574,0.0744998455,0.0876203179,0.0486910343
0,0,1,0.2983092964,0,0,0,0,0.0099003315,0,0,0,0,0.1633842885,0.1633884758,0.1700085104,0.1699964106,0,0,0,0,0.4719998837,0.25408113,0.6077646897,0.0482968986,0,0,0.0400722027,0.013127923,0,0.1779764891,0,0.0300973654,0,0.1671224833,0,0,0.1148346812,0.0085219741,0,0,0.0035656616,0.0509429723,0.1851826906,0.0776007995,0.0653907657,0.0729039311,0.086030364,0.0473976135
0,0,1,0.2956658304,0,0,0,0,0.0099018216,0,0,0,0,0.1608259678,0.1608291566,0.1678043455,0.1677996665,0,0,0,0,0.4719998837,0.253801465,0.5793004485,0.0541143119,0,0,0.0390611589,0.0115759671,0,0.1694649458,0,0.024650991,0,0.1573204994,0,0,0.1160755754,0.0086024404,0,0,0.0035662204,0.0562909991,0.1904149503,0.0802651793,0.0639662147,0.071310997,0.0844269991,0.0461116433
0,0,1,0.2928688824,0,0,0,0,0.0099018216,0,0,0,0,0.158170715,0.1581798941,0.1657375693,0.1657308489,0,0,0,0,0.4719998837,0.253505826,0.5510238329,0.0601232052,0,0,0.0380322337,0.0101305544,0,0.1606732607,0,0.0193566084,0,0.1471996307,0,0,0.1172795892,0.0086795539,0,0,0.0035671517,0.0618118793,0.1952445656,0.0828642547,0.0625446439,0.069732964,0.0828161836,0.0448435545
0,0,1,0.2899154723,0,0,0,0,0.0099018216,0,0,0,0,0.1554425955,0.1554458141,0.1638002694,0.163795054,0,0,0,0,0.4719998837,0.2531947494,0.5230170557,0.0662885606,0,0,0.0369846821,0.0087916851,0,0.1516565681,0,0.0142291188,0,0.1368075609,0,0,0.1184426248,0.0087551773,0,0,0.0035662204,0.0674784184,0.1996646672,0.0853935406,0.061134994,0.0681594014,0.0811994076,0.0435933471
0,0,1,0.2868101001,0,0,0,0,0.0099033117,0,0,0,0,0.1526482105,0.1526499391,0.1619910449,0.1619828492,0,0,0,0,0.4719998837,0.2528689504,0.4953637661,0.0725731254,0,0,0.0359192491,0.0075571239,0,0.1424595714,0,0.0092715025,0,0.126221776,0,0,0.1195665449,0.0088274479,0,0,0.0035667792,0.0732529908,0.2036699504,0.0878487974,0.0597372651,0.0665977597,0.0795722008,0.0423565507
0,0,1,0.283549726,0,0,0,0,0.0098988414,0,0,0,0,0.1498099864,0.1498102248,0.1603212804,0.1603145897,0,0,0,0,0.4719998837,0.2525296807,0.4681477199,0.0789396465,0,0,0.034840405,0.0064246356,0,0.1331448555,0,0.0044956803,0,0.1154959202,0,0,0.120646134,0.0088971108,0,0,0.003564544,0.0791035593,0.2072564214,0.0902260765,0.0583410263,0.065048039,0.0779375434,0.0411376357
0,0,1,0.2801507711,0,0,0,0,0.0099003315,0,0,0,0,0.1469427347,0.1469418705,0.1587772667,0.1587691307,0,0,0,0,0.4719998837,0.2521778345,0.4414514224,0.0853441656,0,0,0.033750385,0.0053972006,0,0.1237794757,0,0,0,0.1047104597,0,0,0.1216828823,0.0089645386,0,0,0.0035658479,0.0849898905,0.2104210556,0.09252166,0.0569596887,0.063508749,0.0762969255,0.039935112
0,0,1,0.2766028047,0,0,0,0,0.0098988414,0,0,0,0,0.1440540105,0.1440590769,0.1573609114,0.1573490649,0,0,0,0,0.4719998837,0.2518145442,0.4153555961,0.0917494297,0,0,0.0326491892,0.0044621527,0,0.1144066453,0,0,0.0044852495,0.0939145684,0,0,0.1226790249,0.0090271235,0,0,0.0035669655,0.0908747315,0.2131617963,0.0947320834,0.0555843115,0.0619739294,0.0746503472,0.0387459993
0,0,1,0.2729073167,0,0,0,0,0.0099003315,0,0,0,0,0.1411682218,0.1411766559,0.1560665965,0.1560560614,0,0,0,0,0.4719998837,0.2514411211,0.3899371859,0.0981159508,0,0,0.0315450132,0.0036239624,0,0.1050949097,0,0,0.0086784363,0.0831887126,0,0,0.123628974,0.0090874732,0,0,0.0035656616,0.0967245549,0.2154778987,0.0968542323,0.0542268157,0.0604555011,0.0730067492,0.0375792384
0,0,1,0.269074738,0,0,0,0,0.0098973513,0,0,0,0,0.1383000314,0.1383028626,0.1548894793,0.1548874527,0,0,0,0,0.4719998837,0.2510587573,0.3652690921,0.1044012606,0,0,0.0304378569,0.0028759241,0,0.0959038734,0,0,0.0126644969,0.0726059079,0,0,0.1245327294,0.0091455877,0,0,0.0035664067,0.1025013626,0.217369318,0.098885186,0.0528723001,0.0589445233,0.07134974,0.0364258885
0,0,1,0.2651110291,0,0,0,0,0.0099018216,0,0,0,0,0.1354622394,0.1354696453,0.1538370848,0.1538286656,0,0,0,0,0.4719998837,0.2506685853,0.3414187078,0.1105666161,0,0,0.0293284655,0.0022105873,0,0.0868827105,0,0,0.016438961,0.0622153282,0,0,0.1253917813,0.0091999769,0,0,0.0035665929,0.108166039,0.2188367695,0.100822337,0.0515282154,0.0574499369,0.0696986914,0.0352904201
0,0,1,0.2610087395,0,0,0,0,0.0099018216,0,0,0,0,0.1326649785,0.1326722652,0.1529012173,0.152886942,0,0,0,0,0.4719998837,0.2502721548,0.3184475994,0.1165755093,0,0,0.0282198191,0.0016272068,0,0.0780880451,0,0,0.0199943781,0.0520929694,0,0,0.1262061298,0.0092536211,0,0,0.0035647303,0.1136880368,0.2198818475,0.1026632711,0.0502020121,0.0559702516,0.0680446625,0.0341743231
0,0,1,0.2567797899,0,0,0,0,0.0099033117,0,0,0,0,0.1299215406,0.1299183518,0.152063325,0.1520501226,0,0,0,0,0.4719998837,0.2498707175,0.2964104423,0.1223944128,0,0,0.0271163881,0.0011153519,0,0.0695794821,0,0,0.0233381987,0.0422939658,0,0,0.1269698143,0.0093013048,0,0,0.0035665929,0.1190364361,0.2205068618,0.1044058949,0.0488832593,0.0545009971,0.0663951039,0.0330731273
0,0,1,0.2524286509,0,0,0,0,0.0099003315,0,0,0,0,0.127235353,0.127238363,0.1513293833,0.1513267457,0,0,0,0,0.4719998837,0.2494653463,0.2753549409,0.1279875636,0,0,0.0260218978,0.0006765127,0,0.0613957644,0,0,0.0264555216,0.0328719616,0,0,0.1276887953,0.0093445182,0,0,0.0035660341,0.1241736114,0.2207144052,0.106048353,0.0475764275,0.0530436635,0.0647395849,0.0319898129
0,0,1,0.247952342,0,0,0,0,0.0099033117,0,0,0,0,0.1246199906,0.1246256605,0.1506922394,0.1506852508,0,0,0,0,0.4719998837,0.2490575314,0.25532151,0.1333259046,0,0,0.0249363482,0.0002987683,0,0.0535830855,0,0,0.029347837,0.0238746405,0,0,0.1283608377,0.0093869865,0,0,0.0035656616,0.1290813088,0.2206033021,0.1075889766,0.0462844968,0.0515967607,0.0630915165,0.0309288502
0,0,1,0.2433672547,0,0,0,0,0.0099018216,0,0,0,0,0.1220904142,0.1220901981,0.1501384676,0.1501300931,0,0,0,0,0.4719998837,0.2486485243,0.2363431675,0.1383841038,0,0,0.0238589942,0,0,0.0461861491,0,0,0.0320091844,0.0153556466,0,0,0.1289822161,0.0094272196,0,0,0.0035671517,0.1337278634,0.2202689052,0.1090264171,0.0449985266,0.0501722097,0.0614479184,0.0298842788
0,0,1,0.2386659384,0,0,0,0,0.0099003315,0,0,0,0,0.1196377054,0.1196426526,0.1496645063,0.1496592313,0,0,0,0,0.4719998837,0.2482394576,0.218445708,0.143134594,0,0,0.0227957964,0,0,0.0392362475,0,0,0.0344440341,0.0073522329,0,0.0002875924,0.1295611262,0.0094633549,0,0,0.0035660341,0.1380942762,0.219709754,0.1103594303,0.0437304378,0.0487521291,0.0598028302,0.028860569
0,0,1,0.2338647842,0,0,0,0,0.0099018216,0,0,0,0,0.1172774285,0.1172793955,0.1492553353,0.1492527276,0,0,0,0,0.4719998837,0.2478313446,0.2016479021,0.1475580037,0,0,0.0217482448,0,0,0.0327661633,0,0,0.0366434455,0,0.000102818,0.0005081296,0.1300886273,0.0094980001,0,0,0.0035652891,0.1421626657,0.2189247459,0.1115870774,0.0424697995,0.0473544002,0.0581681728,0.0278487802
0,0,1,0.2289578319,0,0,0,0,0.0098988414,0,0,0,0,0.1150110066,0.1150158197,0.1489110887,0.1488981992,0,0,0,0,0.4719998837,0.2474250793,0.1859620417,0.1516364515,0,0,0.0207170844,0,0,0.0268012285,0,0,0.0386163592,0,0.0069722533,0.0006861985,0.1305699348,0.0095270574,0,0,0.0035656616,0.1459088176,0.2179129869,0.1127085388,0.0412270427,0.0459671021,0.0565424562,0.0268593431
0,0,1,0.2239599824,0,0,0,0,0.0099018216,0,0,0,0,0.1128438413,0.1128412411,0.1486045271,0.1485952139,0,0,0,0,0.4719998837,0.2470220923,0.1713941797,0.1553550363,0,0,0.0197008252,0,0,0.0213608146,0,0,0.0403478742,0,0.0132381916,0.0008270144,0.1310028136,0.009554252,0,0,0.0035656616,0.1493249089,0.2166739553,0.1137232408,0.0400006771,0.0445961952,0.0549197197,0.0258862972
0,0,1,0.2188727111,0,0,0,0,0.0099018216,0,0,0,0,0.1107689366,0.1107721627,0.1483469605,0.148333773,0,0,0,0,0.4719998837,0.2466237545,0.1579448748,0.1586996019,0,0,0.0187091529,0,0,0.0164672732,0,0,0.0418514013,0,0.0188678503,0.0009387732,0.1313909888,0.0095780939,0,0,0.0035656616,0.152400136,0.2152075171,0.1146307439,0.0387847424,0.0432416797,0.0533074141,0.0249370933
0,0,1,0.2137034982,0,0,0,0,0.0099003315,0,0,0,0,0.1087975428,0.1088004634,0.1481042355,0.1481036842,0,0,0,0,0.4719998837,0.2462307811,0.1456095242,0.1616634429,0,0,0.0177331269,0,0,0.0121340156,0,0,0.0431239605,0,0.0238627195,0.0010199845,0.1317314804,0.0095997006,0,0,0.0035665929,0.155121088,0.2135139704,0.115430817,0.0375837088,0.0419035554,0.0517085195,0.0240057707
0,0,1,0.2084553093,0,0,0,0,0.0099033117,0,0,0,0,0.1068888828,0.1068888456,0.1478799433,0.1478704661,0,0,0,0,0.4719998837,0.2458434701,0.1343791351,0.1642361283,0,0,0.0167787075,0,0,0.0083714724,0,0,0.0441640615,0,0.0281944871,0.0010825694,0.1320235431,0.009618327,0,0,0.0035678968,0.1574862748,0.2115940601,0.1161233783,0.0363975763,0.0405788422,0.0501155853,0.0230938196
0,0,1,0.2031430602,0,0,0,0,0.0098988414,0,0,0,0,0.10500025,0.1050030366,0.1476515979,0.1476363093,0,0,0,0,0.4719998837,0.2454627156,0.1242407635,0.166413933,0,0,0.0158451498,0,0,0.005184114,0,0,0.0449642539,0,0.0318661332,0.0011242926,0.1322716475,0.0096336007,0,0,0.0035662204,0.1594863832,0.2094489634,0.1167084128,0.0352233648,0.0392720103,0.0485375524,0.0221952796
0,0,1,0.1977652311,0,0,0,0,0.0098988414,0,0,0,0,0.1031445637,0.1031430438,0.1474104226,0.14740628,0,0,0,0,0.4719998837,0.2450889945,0.1151783795,0.1681938767,0,0,0.0149346888,0,0,0.0025779009,0,0,0.0455379486,0,0.0348642468,0.0011518598,0.1324728131,0.0096451491,0,0,0.0035660341,0.1611240208,0.2070804238,0.1171861514,0.0340670347,0.0379785895,0.0469699502,0.0213220716
0,0,1,0.1923322678,0,0,0,0,0.0099003315,0,0,0,0,0.1013043299,0.1013038754,0.1471481323,0.147145614,0,0,0,0,0.4719998837,0.2447225451,0.1071727069,0.1695774496,0,0,0.0140450895,0,0,0.0005558133,0,0,0.0458806753,0,0.0371932983,0.001167506,0.1326262951,0.0096552074,0,0,0.0035664067,0.1623921096,0.2044907361,0.1175568402,0.0329256058,0.0367045403,0.0454217196,0.0204697251
0,0,1,0.1868531108,0,0,0,0,0.0099018216,0,0,0,0,0.0994869769,0.099496536,0.1468468606,0.1468419433,0,0,0,0,0.4719998837,0.2443637848,0.1002028334,0.1705601811,0,0,0.0131778419,0,0,0,0.000885129,0,0.0459954143,0,0.0388458371,0.0011764467,0.1327395439,0.0096622854,0,0,0.0035665929,0.1632973552,0.2016828209,0.1178209409,0.0317975879,0.0354483724,0.0438809395,0.0196292996
0,0,1,0.1813292503,0,0,0,0,0.0099003315,0,0,0,0,0.0976974368,0.0976970196,0.1465047002,0.1465044916,0,0,0,0,0.4719998837,0.2440130115,0.0942454787,0.1711480319,0,0,0.0123336911,0,0,0,0.0017419457,0,0.0459611416,0,0.0398397446,0.0011786819,0.1328036189,0.0096652657,0,0,0.0035649166,0.1638371497,0.1986601353,0.1179789677,0.0306844711,0.0342130661,0.0423640013,0.0188112259
0,0,1,0.1757755876,0,0,0,0,0.0099003315,0,0,0,0,0.0959248096,0.0959255993,0.1461090595,0.1461049765,0,0,0,0,0.4719998837,0.243670404,0.0892761454,0.171341747,0,0,0.0115126371,0,0,0,0.002028048,0,0.0458627939,0,0.0401705503,0.0011786819,0.1328259706,0.0096671283,0,0,0.0035651028,0.1640155911,0.1954268962,0.1180315167,0.0295892358,0.032992661,0.0408560038,0.0180110335
0,0,1,0.1701876521,0,0,0,0,0.0099033117,0,0,0,0,0.0941710547,0.0941715762,0.1456440687,0.1456401199,0,0,0,0,0.4719998837,0.2433242798,0.0848350946,0.1701705158,0,0,0.0106781721,0,0,0,0.0020265579,0,0.045697391,0,0.0401392579,0.0011794269,0.1327134669,0.0096607953,0,0,0.0035651028,0.1638807356,0.1919879317,0.1179319322,0.0285133719,0.0317871571,0.0393688679,0.0172361732
0,0,1,0.1645877957,0,0,0,0,0.0099003315,0,0,0,0,0.0924242511,0.0924303606,0.1451110393,0.1450972259,0,0,0,0,0.4719998837,0.2429631352,0.0804817705,0.1666307449,0,0,0.0098004937,0,0,0,0.0020220876,0,0.0454619527,0,0.0400364399,0.0011794269,0.1323759556,0.0096332282,0,0,0.0035662204,0.1634802669,0.1883488595,0.1176319867,0.0274538994,0.0306040049,0.0379025936,0.0164747238
0,0,1,0.1589745283,0,0,0,0,0.0099033117,0,0,0,0,0.0906874835,0.0906847715,0.1445004791,0.1444942504,0,0,0,0,0.4719998837,0.2425869107,0.0762196918,0.160715729,0,0,0.0088833272,0,0,0,0.0020161271,0,0.0451564789,0,0.0398680568,0.0011786819,0.1318126917,0.0095941126,0,0,0.0035665929,0.1628082246,0.1845160127,0.117130138,0.0264063478,0.0294402242,0.0364512205,0.0157356262
0,0,1,0.1533553004,0,0,0,0,0.0099003315,0,0,0,0,0.0889547765,0.0889519453,0.1437918246,0.1437893063,0,0,0,0,0.4719998837,0.2421957254,0.0720524103,0.1524947584,0,0,0.0079341233,0,0,0,0.0020056963,0,0.04478544,0,0.0396296382,0.001180172,0.1310199499,0.0095371157,0,0,0.0035641715,0.1618649811,0.1804964691,0.1164252982,0.0253781676,0.0282943249,0.0350251794,0.0150173903
0,0,1,0.1477405429,0,0,0,0,0.0098988414,0,0,0,0,0.0872234702,0.0872276053,0.1430041343,0.1429941058,0,0,0,0,0.4719998837,0.2417899966,0.0679835312,0.142107904,0,0,0.0069648027,0,0,0,0.0019937754,0,0.0443518162,0,0.0393211842,0.0011779368,0.1299984753,0.0094618648,0,0,0.0035656616,0.1606509089,0.1762980819,0.115516901,0.0243648887,0.0271677971,0.0336199999,0.0143110752
0,0,1,0.1421391964,0,0,0,0,0.0099018216,0,0,0,0,0.0854915902,0.085493207,0.1421046108,0.1420987695,0,0,0,0,0.4719998837,0.2413697243,0.0640166729,0.1297980547,0,0,0.0059843063,0,0,0,0.0019773841,0,0.0438436866,0,0.0389456749,0.001180172,0.1287460327,0.0093709677,0,0,0.0035667792,0.1591622829,0.1719295084,0.1144049466,0.0233739614,0.0260621309,0.0322341919,0.0136315823
0,0,1,0.1365572214,0,0,0,0,0.0099033117,0,0,0,0,0.083753027,0.083751291,0.1411051005,0.1411029845,0,0,0,0,0.4719998837,0.2409356236,0.0601554671,0.115916878,0,0,0.0050112605,0,0,0,0.0019580126,0,0.0432729721,0,0.0385016203,0.0011794269,0.1272656024,0.0092636794,0,0,0.0035675243,0.1573976129,0.1674001515,0.1130900681,0.0223979354,0.024972856,0.0308692455,0.0129640102
0,0,1,0.1309975982,0,0,0,0,0.0099003315,0,0,0,0,0.0820040628,0.0820036978,0.1399922669,0.1399885863,0,0,0,0,0.4719998837,0.2404878736,0.0564034724,0.1009225845,0,0,0.0040650368,0,0,0,0.0019386411,0,0.0426352024,0,0.0379920006,0.0011786819,0.1255586743,0.0091392547,0,0,0.0035677105,0.1553673297,0.1627201736,0.1115736291,0.0214412808,0.0238999724,0.0295355916,0.01231879
0,0,1,0.1254767179,0,0,0,0,0.0099018216,0,0,0,0,0.0802455842,0.0802434906,0.1387636811,0.1387611926,0,0,0,0,0.4719998837,0.24002707,0.0527642273,0.0853464007,0,0,0.0031650066,0,0,0,0.0019147992,0,0.0419288874,0,0.0374168158,0.0011786819,0.123628974,0.0089995563,0,0,0.0035654753,0.1530706882,0.1579005122,0.1098577827,0.0205039978,0.022855401,0.028218329,0.0116944313
0,0,1,0.1199960709,0,0,0,0,0.0098973513,0,0,0,0,0.0784657076,0.0784692019,0.1374174058,0.1374150664,0,0,0,0,0.4719998837,0.23955369,0.0492411509,0.0697679818,0,0,0.0023260713,0,0,0,0.001886487,0,0.0411659479,0,0.0367745757,0.0011779368,0.1214757562,0.0088401139,0,0,0.0035652891,0.1505117863,0.152952835,0.1079455242,0.019583106,0.0218331814,0.0269293785,0.0110805035
0,0,1,0.1145631075,0,0,0,0,0.0099003315,0,0,0,0,0.0766778216,0.0766728222,0.1359519362,0.1359424591,0,0,0,0,0.4719998837,0.2390685678,0.0458375354,0.0547729433,0,0,0.0015676022,0,0,0,0.0018581748,0,0.0403404236,0,0.0360637903,0.0011786819,0.1191079617,0.0086691231,0,0,0.0035665929,0.1476928592,0.1478893757,0.1058407575,0.0186786056,0.0208258629,0.0256627798,0.0104948878
0,0,1,0.1091837883,0,0,0,0,0.0099003315,0,0,0,0,0.0748577416,0.0748580545,0.1343643516,0.1343592554,0,0,0,0,0.4719998837,0.2385723591,0.0425565039,0.0408947468,0,0,0.0009007752,0,0,0,0.0018268824,0,0.0394508243,0,0.0352919102,0.0011786819,0.1165285707,0.0084813684,0,0,0.0035652891,0.1446224749,0.1427231878,0.103548415,0.017799437,0.0198408961,0.0244274735,0.0099226832
0,0,1,0.1038715243,0,0,0,0,0.0098988414,0,0,0,0,0.0730196312,0.0730171278,0.1326431036,0.1326396465,0,0,0,0,0.4719998837,0.2380660772,0.0394009663,0.0285834074,0,0,0.000333786,0,0,0,0.0017955899,0,0.038510561,0,0.0344604254,0.0011786819,0.1137450337,0.0082790852,0,0,0.0035664067,0.1413099468,0.1374677271,0.1010744348,0.0169336796,0.018876791,0.0232085586,0.00936836
0,0,1,0.0986218452,0,0,0,0,0.0099018216,0,0,0,0,0.0711579323,0.0711625591,0.1308074594,0.1307970732,0,0,0,0,0.4719998837,0.2375506163,0.0363735667,0.0181958079,0,0.0001259148,0,0,0,0,0.001758337,0,0.0375121832,0,0.0335648656,0.0011779368,0.1107633114,0.0080622733,0,0,0.0035654753,0.1377619803,0.1321370751,0.0984259099,0.0160828233,0.0179365277,0.0220268965,0.0088348985
0,0,1,0.0934541225,0,0,0,0,0.0099003315,0,0,0,0,0.0692805797,0.069274947,0.1288334131,0.1288290918,0,0,0,0,0.4719998837,0.2370270491,0.0334766497,0.009971112,0,0.0004760921,0,0,0,0,0.0017210841,0,0.0364631414,0,0.0326186419,0.0011794269,0.1075953245,0.0078313053,0,0,0.0035660341,0.1339912415,0.1267457157,0.0956109986,0.0152632594,0.0170111656,0.0208720565,0.0083193183
0,0,1,0.088365376,0,0,0,0,0.0099003315,0,0,0,0,0.0673727393,0.0673682764,0.1267377436,0.1267398447,0,0,0,0,0.4719998837,0.2364965677,0.0307121908,0.0040583313,0,0.0007227063,0,0,0,0,0.001680851,0,0.0353679061,0,0.0316187739,0.0011786819,0.1042515039,0.0075876713,0,0,0.0035654753,0.130013749,0.121308513,0.0926390663,0.0144571066,0.0161185861,0.0197425485,0.0078201294
0,0,1,0.0833719969,0,0,0,0,0.0099003315,0,0,0,0,0.0654425696,0.0654395819,0.1245164126,0.1245134398,0,0,0,0,0.4719998837,0.2359605432,0.0280817929,0.0005170703,0,0.0008665025,0,0,0,0,0.0016391277,0,0.0342264771,0,0.0305682421,0.0011786819,0.1007422805,0.007333234,0,0,0.0035660341,0.1258384436,0.1158405691,0.0895206258,0.0136688352,0.0152423978,0.0186353922,0.0073418021
0,0,1,0.0784650445,0,0,0,0,0.0099003315,0,0,0,0,0.0634898171,0.0634838268,0.1221743524,0.1221688837,0,0,0,0,0.4719998837,0.2354200482,0.0255865902,0,0.0006526709,0.0009119511,0,0,0,0,0.0015944242,0,0.0330507755,0,0.0294715166,0.0011786819,0.0970803201,0.0070665032,0,0,0.0035654753,0.1214809716,0.11035721,0.0862673447,0.0129029155,0.014385581,0.017568469,0.0068739057
0,0,1,0.07365942,0,0,0,0,0.0098973513,0,0,0,0,0.0614632033,0.0614674315,0.119611688,0.1196033582,0,0,0,0,0.4719998837,0.2348768115,0.0232272396,0,0.0006526709,0.000911206,0,0,0,0,0.0015452504,0,0.0318348408,0,0.028334558,0.0011779368,0.0932835042,0.0067900866,0,0,0.0035664067,0.1169614494,0.1048738584,0.0828919858,0.0121578574,0.0135540962,0.0165238976,0.0064298511
0,0,1,0.068962574,0,0,0,0,0.0099018216,0,0,0,0,0.0593388565,0.0593355261,0.1167356893,0.1167356819,0,0,0,0,0.4719998837,0.2343322039,0.0210038973,0,0.0006526709,0.0009134412,0,0,0,0,0.001502037,0,0.030593574,0,0.027166307,0.0011786819,0.0893607736,0.0065043569,0,0,0.0035665929,0.1122970134,0.0994059294,0.0794084072,0.0114306808,0.0127419829,0.0155121088,0.0059977174
0,0,1,0.0643715262,0,0,0,0,0.0099003315,0,0,0,0,0.0571010448,0.0570976175,0.1135541722,0.1135519817,0,0,0,0,0.4719998837,0.2337876558,0.0189161476,0,0.0006519258,0.0009141862,0,0,0,0,0.0014513731,0,0.0293239951,0,0.0259593129,0.0011786819,0.085336715,0.0062111765,0,0,0.0035656616,0.1075066626,0.0939687043,0.0758314133,0.0107273459,0.0119626522,0.0145316124,0.0055834651
0,0,1,0.0598996878,0,0,0,0,0.0099018216,0,0,0,0,0.05476363,0.0547599308,0.110063985,0.1100645438,0,0,0,0,0.4719998837,0.2332450747,0.0169630194,0,0.0006526709,0.0009126961,0,0,0,0,0.0014021993,0,0.0280380249,0,0.024728477,0.0011786819,0.0812239945,0.0059116632,0,0,0.0035658479,0.1026138663,0.0885773599,0.0721767098,0.0100433826,0.0111952424,0.0135779381,0.0051856041
0,0,1,0.0555470586,0,0,0,0,0.0099003315,0,0,0,0,0.0523194969,0.0523159578,0.1062800214,0.1062758639,0,0,0,0,0.4719998837,0.2327060103,0.0151429479,0,0.0006526709,0.0009126961,0,0,0,0,0.0013515353,0,0.0267326832,0,0.0234737992,0.0011794269,0.0770419836,0.0056065619,0,0,0.0035660341,0.097636506,0.0832467005,0.0684607327,0.0093817711,0.0104621053,0.0126585364,0.0048086047
0,0,1,0.0513166189,0,0,0,0,0.0099003315,0,0,0,0,0.0497855544,0.0497848876,0.1022049487,0.102197364,0,0,0,0,0.4719998837,0.2321721911,0.0134538171,0,0.000654161,0.0009119511,0,0,0,0,0.0013008714,0,0.025421381,0,0.0222086906,0.001180172,0.0728100538,0.005299598,0,0,0.0035667792,0.0926025212,0.0779912323,0.0647005588,0.008739531,0.0097498298,0.0117689371,0.0044450164
0,0,1,0.0472202897,0,0,0,0,0.0099018216,0,0,0,0,0.0471652187,0.0471658111,0.0978534147,0.0978426188,0,0,0,0,0.4719998837,0.2316451073,0.0118928999,0,0.0006526709,0.0009104609,0,0,0,0,0.0012502074,0,0.0241070986,0,0.0209316611,0.001180172,0.0685505569,0.0049896538,0,0,0.0035660341,0.0875294209,0.072825022,0.0609136708,0.0081166625,0.0090554357,0.0109136105,0.0040978193
0,0,1,0.0432536006,0,0,0,0,0.0099003315,0,0,0,0,0.0444751568,0.0444799885,0.0932406858,0.0932326168,0,0,0,0,0.4719998837,0.2311266065,0.0104569188,0,0.0006519258,0.000911206,0,0,0,0,0.0012010336,0,0.0227957964,0,0.0196546316,0.0011771917,0.0642776489,0.004677102,0,0,0.0035664067,0.0824481249,0.0677615851,0.0571178496,0.0075176358,0.0083908439,0.0100880861,0.0037670135
0,0,1,0.0394225121,0,0,0,0,0.0099003315,0,0,0,0,0.0417131186,0.0417105369,0.0883828849,0.0883835927,0,0,0,0,0.4719998837,0.2306183577,0.009142104,0,0.000654161,0.0009126961,0,0,0,0,0.0011444092,0,0.0214904547,0,0.0183805823,0.0011786819,0.0600144267,0.0043682754,0,0,0.0035647303,0.0773780048,0.0628139153,0.0533309653,0.0069439411,0.0077426434,0.0092938542,0.003452599
0,0,1,0.0357270241,0,0,0,0,0.0098988414,0,0,0,0,0.0389045812,0.0388976969,0.083320871,0.0833189264,0,0,0,0,0.4719998837,0.230121851,0.0079441694,0,0.0006526709,0.0009126961,0,0,0,0,0.0010952353,0,0.0202059746,0,0.0171095133,0.0011786819,0.055783987,0.0040605664,0,0,0.0035656616,0.0723425299,0.0579942614,0.049570784,0.006391108,0.0071257353,0.0085353851,0.0031501055
0,0,1,0.0321805477,0,0,0,0,0.0098988414,0,0,0,0,0.0360459052,0.0360477865,0.0780782551,0.0780748874,0,0,0,0,0.4719998837,0.2296386361,0.006858381,0,0.0006526709,0.0009141862,0,0,0,0,0.0010415912,0,0.0189349055,0,0.0158622861,0.0011779368,0.0516019762,0.0037550926,0,0,0.0035651028,0.067364797,0.0533142723,0.0458548106,0.0058591366,0.0065237284,0.007802248,0.0028654933
0,0,1,0.0287756324,0,0,0,0,0.0099003315,0,0,0,0,0.0331772789,0.0331731588,0.0726817995,0.0726857036,0,0,0,0,0.4719998837,0.2291700244,0.0058796318,0,0.0006511807,0.0009134412,0,0,0,0,0.0009939075,0,0.0176936388,0,0.0146284699,0.0011816621,0.0474892557,0.0034563243,0,0,0.0035643578,0.0624723732,0.0487849116,0.0422001071,0.0053450465,0.0059574842,0.007109344,0.0025942922
0,0,1,0.0255227089,0,0,0,0,0.0099018216,0,0,0,0,0.0303022303,0.0302966069,0.0671897605,0.0671879724,0,0,0,0,0.4719998837,0.2287176251,0.0050025177,0,0.0006534159,0.0009134412,0,0,0,0,0.0009447336,0,0.0164791942,0,0.0134244561,0.0011786819,0.0434629619,0.0031627715,0,0,0.0035656616,0.0576827675,0.0444163233,0.0386231169,0.0048607588,0.0054165721,0.0064402819,0.0023365021
0,0,1,0.0224128366,0,0,0,0,0.0099018216,0,0,0,0,0.027433157,0.0274362639,0.0616286099,0.0616266876,0,0,0,0,0.4719998837,0.2282826304,0.0042213383,0,0.0006526709,0.0009134412,0,0,0,0,0.0008970499,0,0.0153020024,0,0.0122517347,0.0011786819,0.0395447016,0.0028781593,0,0,0.0035664067,0.0530160964,0.0402179435,0.0351395234,0.0043913722,0.0048950315,0.0058084726,0.0020980835
0,0,1,0.0194609165,0,0,0,0,0.0098973513,0,0,0,0,0.0246088263,0.0246015899,0.056050431,0.0560500473,0,0,0,0,0.4719998837,0.2278661132,0.0035301969,0,0.0006526709,0.0009134412,0,0,0,0,0.0008493662,0,0.0141635537,0,0.0111147761,0.0011771917,0.0357441604,0.0026017427,0,0,0.0035665929,0.0484976918,0.0361984,0.0317641757,0.0039473176,0.004401803,0.005209446,0.0018715858
0,0,1,0.0166594982,0,0,0,0,0.0099033117,0,0,0,0,0.0218284111,0.0218255967,0.0505028665,0.0505055301,0,0,0,0,0.4719998837,0.2274692655,0.0029230641,0,0.0006511807,0.0009119511,0,0,0,0,0.0008016825,0,0.0130608678,0,0.0100195408,0.0011779368,0.0320851803,0.002335012,0,0,0.0035658479,0.0441398472,0.0323655419,0.0285108984,0.0035271049,0.0039324164,0.0046432018,0.0016599894
0,0,1,0.0140175223,0,0,0,0,0.0098988414,0,0,0,0,0.0191246197,0.0191261955,0.0450395718,0.0450336039,0,0,0,0,0.4719998837,0.2270926237,0.0023938903,0,0.0006519258,0.0009119511,0,0,0,0,0.0007644296,0,0.012011826,0,0.0089660287,0.0011794269,0.0285744667,0.0020790845,0,0,0.0035671517,0.0399634242,0.0287264809,0.0253924523,0.0031337142,0.003489852,0.0041112304,0.0014603138
0,0,1,0.0115334988,0,0,0,0,0.0098988414,0,0,0,0,0.0165171735,0.0165114067,0.0396946035,0.0396916196,0,0,0,0,0.4719998837,0.2267374992,0.001936546,0,0.0006526709,0.0009104609,0,0,0,0,0.0007256866,0,0.0110179186,0,0.007969141,0.001180172,0.0252306461,0.0018365681,0,0,0.0035641715,0.0359872356,0.0252875034,0.02242052,0.0027552247,0.0030770898,0.0036105514,0.0012770295
0,0,1,0.0092044473,0,0,0,0,0.0099018216,0,0,0,0,0.0140152639,0.0140138026,0.0345214456,0.0345198847,0,0,0,0,0.4719998837,0.2264041305,0.0015449918,0,0.0006519258,0.000911206,0,0,0,0,0.0006839633,0,0.0100776553,0,0.0070184469,0.001180172,0.0220634043,0.0016067177,0,0,0.0035651028,0.0322153792,0.0220542774,0.0196056031,0.0024035573,0.0026807189,0.0031381845,0.001104176
0,0,1,0.0070348382,0,0,0,0,0.0098973513,0,0,0,0,0.0116427504,0.0116398223,0.0295732338,0.0295687113,0,0,0,0,0.4719998837,0.2260932326,0.0012132579,0,0.0006526709,0.0009119511,0,0,0,0,0.0006496906,0,0.0091865659,0,0.0061258674,0.0011786819,0.019081682,0.0013887882,0,0,0.0035654753,0.0286690891,0.0190315992,0.0169570912,0.0020757318,0.0023171306,0.0027030706,0.000949204
0,0,1,0.0050261617,0,0,0,0,0.0099018216,0,0,0,0,0.0094147939,0.0094103636,0.0248754714,0.0248666033,0,0,0,0,0.4719998837,0.2258053422,0.0009355775,0,0.0006519258,0.0009119511,0,0,0,0,0.0006109476,0,0.0083565712,0,0.0052958727,0.0011816621,0.0162981451,0.0011861324,0,0,0.0035664067,0.0253560022,0.0162236616,0.0144831138,0.0017717481,0.001975894,0.0023007393,0.0008046627
0,0,1,0.0031769276,0,0,0,0,0.0098973513,0,0,0,0,0.00733585,0.0073299403,0.0204683822,0.0204638336,0,0,0,0,0.4719998837,0.225540638,0.0007062436,0,0.0006526709,0.0009119511,0,0,0,0,0.0005826354,0,0.0075951219,0,0.0045210123,0.0011786819,0.0137202442,0.0009987503,0,0,0.0035656616,0.0222861767,0.0136339571,0.0121907443,0.0014916062,0.0016599894,0.0019311905,0.0006690621
0,0,1,0.001488626,0,0,0,0,0.0099003315,0,0,0,0,0.0054239882,0.0054224869,0.0163843054,0.0163871832,0,0,0,0,0.4719998837,0.2252994776,0.0005198385,0,0.0006534159,0.0009119511,0,0,0,0,0.0005558133,0,0.0068932772,0,0.0038132071,0.0011824071,0.0113502145,0.0008258969,0,0,0.0035669655,0.0194679946,0.0112654641,0.0100860018,0.0012353063,0.0013768673,0.0015944242,0.0005498528
0,0,1,0,0,0,0,0,0.0099003315,0,0,0,0,0.0036850832,0.0036865415,0.0126532055,0.0126472972,0,0,0,0,0.4719998837,0.225081861,0.000371154,0,0.0006511807,0.0009126961,0,0,0,0,0.0005275011,0,0.0062584877,0,0.0031724572,0.0011786819,0.0091969967,0.0006698072,0,0,0.0035660341,0.0169090927,0.0091203488,0.0081737172,0.0009983778,0.0011131167,0.0012889504,0.0004425645
0,0,1,0,0.001399219,0,0,0,0.0099018216,0,0,0,0,0.0021341443,0.0021326279,0.0092870155,0.009288474,0,0,0,0,0.4719998837,0.2248880267,0.0002552183,0,0.0006504357,0.0009119511,0,0,0,0,0.0005066395,0,0.0056833029,0,0.0025898218,0.0011794269,0.0072687864,0.0005301088,0,0,0.0035669655,0.0146104023,0.0072004041,0.0064578722,0.0007927418,0.0008806586,0.0010162592,0.0003471971
0,0,1,0,0.0026017427,0,0,0,0.0099048018,0,0,0,0,0.0007621957,0.0007606659,0.0063065258,0.0063065486,0,0,0,0,0.4719998837,0.2247177958,0.0001673652,0,0.0006519258,0.0009119511,0,0,0,0,0.0004827976,0,0.0051781535,0,0.0020816922,0.0011816621,0.0055618584,0.0004045665,0,0,0.0035647303,0.0125797465,0.0055068638,0.0049414579,0.0006079674,0.0006780028,0.0007748604,0.0002667308
0,0,1,0,0.0036388636,0,0,0,0.0099003315,0,0,0,0,0,0,0.0037237427,0.0037237725,0.0004159058,0.0004204162,0,0,0.4719998837,0.2245709896,0.0001031782,0,0.0006526709,0.0009089708,0,0,0,0,0.0004649162,0,0.0047400594,0,0.0016376376,0.0011794269,0.004080683,0.0002969056,0,0,0.0035664067,0.0108163804,0.0040404964,0.0036265701,0.0004440546,0.0004991889,0.0005692244,0.000192225
0,0,1,0,0.004516542,0,0,0,0.0099003315,0,0,0,0,0,0,0.0015446454,0.0015446838,0.0014106175,0.0014106595,0,0,0.4719998837,0.224447608,5.84268271923065E-005,0,0.0006511807,0.0009119511,0,0,0,0,0.0004500151,0,0.0043749809,0,0.0012636185,0.0011786819,0.0028289855,0.0002067536,0,0,0.0035654753,0.0093294308,0.0028014183,0.0025146059,0.0003069639,0.0003486872,0.000397861,0.0001296401
0,0,1,0,0.0052332878,0,0,0,0.0099018216,0,0,0,0,0,0,0,0,0.0022145365,0.0022160709,0,0,0.4719998837,0.224347353,2.92732771486044E-005,0,0.0006519258,0.0009119511,0,0,0,0,0.0004380941,0,0.0040665269,0,0.0009551644,0.001180172,0.0018075109,0.0001315027,0,0,0.003564544,0.0081133097,0.001789676,0.0016062055,0.0001981854,0.0002220273,0.0002548099,0
0,0,1,0,0.0057891011,0,0,0,0.0099003315,0,0,0,0,0,0,0,0,0.0028336523,0.0028381487,0.0013480346,0.0013539426,0.4719998837,0.2242701054,1.20591800659895E-005,0,0.0006534159,0.0009119511,0,0,0,0,0.0004261732,0,0.003837049,0,0.0007197261,0.001180172,0.0010147691,0,0,0,0.0035647303,0.007170625,0.0010046177,0.0009013573,0.0001117587,0.0001251698,0.000141561,0
0,0,1,0,0.0061884522,0,0,0,0.0099018216,0,0,0,0,0,0,0,0,0.0032726263,0.0032726838,0.0023117955,0.0023131794,0.4719998837,0.2242151499,3.49869206547737E-006,0,0.0006534159,0.0009141862,0,0,0,0,0.000423193,0,0.0036641955,0,0.0005528331,0.0011794269,0.00044927,0,0,0,0.0035651028,0.0064969063,0.0004454982,0.0003995374,0,0,0,0
0,0,1,0,0.0064253807,0,0,0,0.0099018216,0,0,0,0,0,0,0,0,0.0035284425,0.003534476,0.0028789679,0.0028847912,0.4719998837,0.2241826057,4.2569637298584E-007,0,0.0006519258,0.0009119511,0,0,0,0,0.0004187226,0,0.0035658479,0,0.0004500151,0.0011786819,0.0001147389,0,0,0,0.0035649166,0.0060977414,0.0001110602,0,0,0,0,0
0,0,1,0,0.0065028667,0,0,0,0.0099018216,0,0,0,0,0,0,0,0,0.0036146832,0.0036177207,0.0030670816,0.0030669558,0.4719998837,0.2241718173,0,0,0.0006519258,0.000911206,0,0,0,0,0.0004187226,0,0.0035345554,0,0.0004157424,0.0011794269,0,0,0,0,0.0035652891,0.0059615821,0,0,0,0,0,0
0,0,1,0,0.0065028667,0,0,0,0.0099018216,0,0,0,0,0,0,0,0,0.0036146832,0.0036177207,0.0030670816,0.0030669558,0.4719998837,0.2241718173,0,0,0.0006519258,0.000911206,0,0,0,0,0.0004187226,0,0.0035345554,0,0.0004157424,0.0011794269,0,0,0,0,0.0035652891,0.0059615821,0,0,0,0,0,0
